name,datetime,temp,feelslike,dew,humidity,precip,precipprob,preciptype,snow,snowdepth,windgust,windspeed,winddir,sealevelpressure,cloudcover,visibility,solarradiation,solarenergy,uvindex,severerisk,conditions,icon,stations
"Paul-Henri Spaaklaan 1, 6229 EN Maastricht",2025-01-13T15:00:00,2.1,2.1,-2.9,69.47,0,0,,0,3.4,11.5,4.8,327,1040.3,0,16.8,142,0.5,1,,Clear,clear-day,"06478099999,06477099999,E5682,15000,06377099999,06479099999,06380099999"
"Paul-Henri Spaaklaan 1, 6229 EN Maastricht",2025-01-13T16:00:00,0.7,-1.1,-3.4,74.08,0,0,,0,3.4,3.2,5.9,52,1040.2,0,10,22,0.1,0,,Clear,clear-day,"05064,E5682,03591,15000,02497,EHBK,01327"
"Paul-Henri Spaaklaan 1, 6229 EN Maastricht",2025-01-13T17:00:00,-1.4,-4.8,-4.3,80.52,0,0,,0,3.4,1.8,9.6,31,1039.3,0,13.9,0,0,0,,Clear,clear-night,"05064,E5682,03591,15000,02497,EHBK,01327"
"Paul-Henri Spaaklaan 1, 6229 EN Maastricht",2025-01-13T18:00:00,-2.4,-5.9,-4.4,86.12,0,0,,0,3.4,7.6,9.1,95,1039.4,0,12.9,0,0,0,,Clear,clear-night,"05064,E5682,03591,15000,02497,EHBK,01327"
"Paul-Henri Spaaklaan 1, 6229 EN Maastricht",2025-01-13T19:00:00,-2.7,-6.9,-4.6,86.78,0,0,,0,5.4,7.6,11.5,133,1038.5,0,11.5,0,0,0,,Clear,clear-night,"05064,E5682,03591,15000,02497,EHBK,01327"
"Paul-Henri Spaaklaan 1, 6229 EN Maastricht",2025-01-13T20:00:00,-3.2,-3.2,-4.3,92.29,0,0,,0,5.4,7.6,2.6,82,1038.3,0,13.2,0,0,0,,Clear,clear-night,"05064,E5682,03591,15000,02497,EHBK,01327"
"Paul-Henri Spaaklaan 1, 6229 EN Maastricht",2025-01-13T21:00:00,-4.8,-7,-5.1,97.75,0,0,,0,5.4,6.5,5,71,1038.3,39,12.7,0,0,0,,Partially cloudy,partly-cloudy-night,"05064,E5682,03591,15000,02497,EHBK,01327"
"Paul-Henri Spaaklaan 1, 6229 EN Maastricht",2025-01-13T22:00:00,-4.4,-7.7,-5.4,92.11,0,0,,0,5.4,6.1,7.7,122,1038.4,37.2,9.5,0,0,0,,Partially cloudy,partly-cloudy-night,"05064,E5682,03591,15000,02497,EHBK,01327"
"Paul-Henri Spaaklaan 1, 6229 EN Maastricht",2025-01-13T23:00:00,-5.7,-10.2,-6,98.05,0,0,,0,5.4,7.2,10.4,143,1038.3,38.7,13.6,0,0,0,,Partially cloudy,partly-cloudy-night,"05064,E5682,03591,15000,02497,EHBK,01327"
"Paul-Henri Spaaklaan 1, 6229 EN Maastricht",2025-01-14T00:00:00,-4.9,-8.9,-6.2,90.76,0,0,,0,5.4,7.2,9,178,1037.4,56,15.6,0,0,0,,Partially cloudy,partly-cloudy-night,"05064,E5682,03591,15000,02497,EHBK,01327"
"Paul-Henri Spaaklaan 1, 6229 EN Maastricht",2025-01-14T01:00:00,-5.1,-9,-5.6,96.05,0,0,,0,0,8.6,8.8,222,1038.3,10.6,10,0,0,0,,Clear,clear-night,"05064,E5682,03591,15000,02497,EHBK,01327"
"Paul-Henri Spaaklaan 1, 6229 EN Maastricht",2025-01-14T02:00:00,-4.8,-9,-6.4,88.29,0,0,,0,0,9,10.1,190,1037.3,0.6,10,0,0,0,,Clear,clear-night,"05064,E5682,03591,15000,02497,EHBK,01327"
"Paul-Henri Spaaklaan 1, 6229 EN Maastricht",2025-01-14T03:00:00,-4.2,-9.2,-6.5,83.92,0,0,,0,0,9,13.4,189,1037.3,9.2,10,0,0,0,,Clear,clear-night,"05064,E5682,03591,15000,02497,EHBK,01327"
"Paul-Henri Spaaklaan 1, 6229 EN Maastricht",2025-01-14T04:00:00,-4.8,-9,-7.2,83.25,0,0,,0,0,9.4,9.9,197,1036.4,71.5,10,0,0,0,,Partially cloudy,partly-cloudy-night,"05064,E5682,03591,15000,02497,EHBK,01327"
"Paul-Henri Spaaklaan 1, 6229 EN Maastricht",2025-01-14T05:00:00,-5,-9.3,-7.2,84.4,0,0,,0,0,9.7,10.1,197,1036.3,78,10,0,0,0,,Partially cloudy,partly-cloudy-night,"05064,E5682,03591,15000,02497,EHBK,01327"
"Paul-Henri Spaaklaan 1, 6229 EN Maastricht",2025-01-14T06:00:00,-5.6,-10.4,-8.4,80.39,0,0,,0,0,9.7,11.3,214,1036.3,0,10,0,0,0,,Clear,clear-night,"05064,E5682,03591,15000,02497,EHBK,01327"
"Paul-Henri Spaaklaan 1, 6229 EN Maastricht",2025-01-14T07:00:00,-5.9,-11,-8.5,81.34,0,0,,0,0,8.6,12.4,205,1036.3,8.1,10,0,0,0,,Clear,clear-night,"05064,C6175,03591,15000,02497,EHBK,01327"
"Paul-Henri Spaaklaan 1, 6229 EN Maastricht",2025-01-14T08:00:00,-4.5,-9.8,-8.4,74.26,0,0,,0,0,9.4,14.3,201,1035.3,0,10,0,0,0,,Clear,clear-night,"05064,C6175,03591,15000,02497,EHBK,01327"
"Paul-Henri Spaaklaan 1, 6229 EN Maastricht",2025-01-14T09:00:00,-4.7,-10.4,-7.6,79.84,0,0,,0,0,9.7,16.2,214,1036.2,90,10,29,0.1,0,,Partially cloudy,partly-cloudy-day,"05064,E5682,03591,15000,02497,EHBK,01327"
"Paul-Henri Spaaklaan 1, 6229 EN Maastricht",2025-01-14T10:00:00,-3.7,-8.8,-7.3,75.96,0,0,,0,0,9.7,14.2,204,1036.2,89.3,10,62,0.2,1,,Partially cloudy,partly-cloudy-day,"05064,E5682,03591,15000,02497,EHBK,01327"
"Paul-Henri Spaaklaan 1, 6229 EN Maastricht",2025-01-14T11:00:00,-2.8,-8.1,-7.1,71.94,0,0,,0,0,10.8,16.3,205,1035.3,96.3,10,91,0.3,1,,Overcast,cloudy,"05064,E5682,03591,15000,02497,EHBK,01327"
"Paul-Henri Spaaklaan 1, 6229 EN Maastricht",2025-01-14T12:00:00,-1,-5.9,-5.6,71.09,0,0,,0,0,11.2,16.4,212,1035.3,99.6,10,252,0.9,3,,Overcast,cloudy,"05064,E5682,03591,15000,02497,EHBK,01327"
"Paul-Henri Spaaklaan 1, 6229 EN Maastricht",2025-01-14T13:00:00,1,-3,-5.4,62.31,0,0,,0,0,9.7,13.9,235,1035.2,28.4,10,161,0.6,2,,Partially cloudy,partly-cloudy-day,"05064,E5682,03591,15000,02497,EHBK,01327"
"Paul-Henri Spaaklaan 1, 6229 EN Maastricht",2025-01-14T14:00:00,1.1,-3.3,-5.3,62.58,0,0,,0,0,13.7,16,230,1034.2,23.5,10,117,0.4,1,,Partially cloudy,partly-cloudy-day,"05064,E5682,03591,15000,02497,EHBK,01327"
"Paul-Henri Spaaklaan 1, 6229 EN Maastricht",2025-01-14T15:00:00,1.9,-2.2,-4.3,63.17,0,0,,0,0,14.4,15.9,223,1033.3,78.4,10,100,0.4,1,,Partially cloudy,partly-cloudy-day,"05064,E5682,03591,15000,02497,EHBK,01327"
"Paul-Henri Spaaklaan 1, 6229 EN Maastricht",2025-01-14T16:00:00,1.9,-2.7,-3.4,67.81,0,0,,0,0,11.9,19.3,222,1033.2,66.2,10,22,0.1,0,,Partially cloudy,partly-cloudy-day,"05064,E5682,03591,15000,02497,EHBK,01327"
"Paul-Henri Spaaklaan 1, 6229 EN Maastricht",2025-01-14T17:00:00,2.7,-0.6,-4.1,60.83,0,0,,0,0,13.3,12.5,246,1033.3,100,10,0,0,0,,Overcast,cloudy,"05064,E5682,03591,15000,02497,EHBK,01327"
"Paul-Henri Spaaklaan 1, 6229 EN Maastricht",2025-01-14T18:00:00,2,-1.7,-3.3,68.09,0,0,,0,0,11.2,13.3,223,1034.2,100,10,0,0,0,,Overcast,cloudy,"05064,E5682,03591,15000,02497,EHBK,01327"
"Paul-Henri Spaaklaan 1, 6229 EN Maastricht",2025-01-14T19:00:00,2,-2,-2.3,73.23,0,0,,0,0,14.8,15.5,214,1034.2,100,10,0,0,0,,Overcast,cloudy,"05064,E5682,03591,15000,02497,EHBK,01327"
"Paul-Henri Spaaklaan 1, 6229 EN Maastricht",2025-01-14T20:00:00,2.8,-1.3,-1.2,75.04,0,0,,0,0,14.4,16.7,222,1033.3,100,14.6,0,0,0,,Overcast,cloudy,"05064,E5682,03591,15000,02497,EHBK,01327"
"Paul-Henri Spaaklaan 1, 6229 EN Maastricht",2025-01-14T21:00:00,2,-2.7,0.6,90.26,0,0,,0,0,12.2,20.3,230,1033.1,88,11.5,0,0,0,,Partially cloudy,partly-cloudy-night,"05064,E5682,03591,15000,02497,EHBK,01327"
"Paul-Henri Spaaklaan 1, 6229 EN Maastricht",2025-01-14T22:00:00,2,-2,1.4,95.94,0,0,,0,0,13.7,15.7,229,1033.2,100,5.7,0,0,0,,Overcast,cloudy,"05064,E5682,03591,15000,02497,EHBK,01327"
"Paul-Henri Spaaklaan 1, 6229 EN Maastricht",2025-01-14T23:00:00,1,-3.5,0.9,99.03,0,0,,0,0,13,17,223,1033.2,100,2,0,0,0,,Overcast,cloudy,"05064,E5682,03591,15000,02497,EHBK,01327"
"Paul-Henri Spaaklaan 1, 6229 EN Maastricht",2025-01-15T00:00:00,1.1,-3,1,99.73,0,0,,0,0,13,14.5,223,1033.2,100,1,0,0,0,,Overcast,cloudy,"05064,E5682,03591,15000,02497,EHBK,01327"
"Paul-Henri Spaaklaan 1, 6229 EN Maastricht",2025-01-15T01:00:00,1.8,-2.3,1,94.53,0.018,100,"rain,snow",0,0,11.2,16,223,1033.2,100,0.8,0,0,0,,"Snow, Rain, Overcast",rain,"05064,E5682,03591,15000,02497,EHBK,01327"
"Paul-Henri Spaaklaan 1, 6229 EN Maastricht",2025-01-15T02:00:00,1.1,-3.1,1.1,99.92,0.019,100,"rain,snow",0,0,11.5,14.8,223,1032.3,100,0.8,0,0,0,,"Snow, Rain, Overcast",rain,"05064,E5682,03591,15000,02497,EHBK,01327"
"Paul-Henri Spaaklaan 1, 6229 EN Maastricht",2025-01-15T03:00:00,1.1,-2.5,1.1,99.91,0.025,100,"rain,snow",0,0,11.5,11.9,214,1032.3,100,0,0,0,0,,"Snow, Rain, Overcast",rain,"05064,E5682,03591,15000,02497,EHBK,01327"
"Paul-Henri Spaaklaan 1, 6229 EN Maastricht",2025-01-15T04:00:00,1.1,-2,1.1,99.97,0.069,100,"rain,snow",0,0,10.4,10,223,1032.3,100,0,0,0,0,,"Snow, Rain, Overcast",rain,"05064,E5682,03591,15000,02497,EHBK,01327"
"Paul-Henri Spaaklaan 1, 6229 EN Maastricht",2025-01-15T05:00:00,1.1,-3,1.1,99.97,0,0,,0,0,10.1,14.7,224,1032.2,100,0.2,0,0,0,,Overcast,fog,"05064,E5682,03591,15000,02497,EHBK,01327"
"Paul-Henri Spaaklaan 1, 6229 EN Maastricht",2025-01-15T06:00:00,1.2,-2.9,1.2,100,0.007,100,"rain,snow",0,0,9,14.9,215,1032.2,100,0,0,0,0,,"Snow, Rain, Overcast",rain,"05064,E5682,03591,15000,02497,EHBK,01327"
"Paul-Henri Spaaklaan 1, 6229 EN Maastricht",2025-01-15T07:00:00,1.1,-2.7,1.1,99.96,0,0,,0,0,7.2,13.1,209,1032.2,100,0,0,0,0,,Overcast,cloudy,"05064,C6175,03591,15000,02497,EHBK,01327"
"Paul-Henri Spaaklaan 1, 6229 EN Maastricht",2025-01-15T08:00:00,1.2,-1.8,1.2,100,0,0,,0,0,9.4,9.5,216,1032.3,100,0,0,0,0,,Overcast,cloudy,"05064,C6175,03591,15000,02497,EHBK,01327"
"Paul-Henri Spaaklaan 1, 6229 EN Maastricht",2025-01-15T09:00:00,2,-1.1,2,99.98,0,0,,0,0,9.4,10.9,207,1033.2,100,0,11,0,0,,Overcast,cloudy,"05064,C6175,03591,15000,02497,EHBK,01327"
"Paul-Henri Spaaklaan 1, 6229 EN Maastricht",2025-01-15T10:00:00,2,-1.2,2,100,0,0,,0,0,8.3,11.4,195,1033.3,100,0,36,0.1,0,,Overcast,cloudy,"05064,E5682,03591,15000,02497,EHBK,01327"
"Paul-Henri Spaaklaan 1, 6229 EN Maastricht",2025-01-15T11:00:00,2,-1.4,2,99.98,0,0,,0,0,5.4,12.3,206,1033.3,100,0,81,0.3,1,,Overcast,cloudy,"05064,E5682,03591,15000,02497,EHBK,01327"
"Paul-Henri Spaaklaan 1, 6229 EN Maastricht",2025-01-15T12:00:00,2.8,0.3,2.8,99.91,0,0,,0,0,5,8.9,233,1034.2,100,0,100,0.4,1,,Overcast,cloudy,"05064,E5682,03591,15000,02497,EHBK,01327"
"Paul-Henri Spaaklaan 1, 6229 EN Maastricht",2025-01-15T13:00:00,3,0.7,3,99.93,0,0,,0,0,5.8,8.4,215,1033.3,100,0,108,0.4,1,,Overcast,cloudy,"05064,E5682,03591,15000,02497,EHBK,01327"
"Paul-Henri Spaaklaan 1, 6229 EN Maastricht",2025-01-15T14:00:00,3,1.6,3,99.92,0,0,,0,0,5.4,5.4,241,1033.2,100,0,69,0.2,1,,Overcast,cloudy,"05064,E5682,03591,15000,02497,EHBK,01327"
"Paul-Henri Spaaklaan 1, 6229 EN Maastricht",2025-01-15T15:00:00,2.9,0.7,2.9,99.93,0,0,,0,0,2.9,7.8,208,1033.2,100,0,55,0.2,1,,Overcast,cloudy,"05064,E5682,03591,15000,02497,EHBK,01327"
"Paul-Henri Spaaklaan 1, 6229 EN Maastricht",2025-01-15T16:00:00,2.9,1.5,2.8,99.76,0,0,,0,0,2.9,5.4,239,1033.2,100,0,21,0.1,0,,Overcast,cloudy,"05064,E5682,03591,15000,02497,EHBK,01327"
"Paul-Henri Spaaklaan 1, 6229 EN Maastricht",2025-01-15T17:00:00,2.8,2.8,2.8,99.98,0,0,,0,0,4,3.8,247,1033.3,100,0,0,0,0,,Overcast,cloudy,"05064,E5682,03591,15000,02497,EHBK,01327"
"Paul-Henri Spaaklaan 1, 6229 EN Maastricht",2025-01-15T18:00:00,2.9,2.9,2.9,99.95,0,0,,0,0,4.3,2.2,238,1034.2,100,0.5,0,0,0,,Overcast,fog,"05064,E5682,03591,15000,02497,EHBK,01327"
"Paul-Henri Spaaklaan 1, 6229 EN Maastricht",2025-01-15T19:00:00,2.9,2.9,2.9,99.96,0,0,,0,0,4.7,2.5,248,1034.2,100,0.2,0,0,0,,Overcast,fog,"05064,E5682,03591,15000,02497,EHBK,01327"
"Paul-Henri Spaaklaan 1, 6229 EN Maastricht",2025-01-15T20:00:00,2.8,2.8,2,94.64,0,0,,0,0,5,0.8,339,1034.3,100,0,0,0,0,,Overcast,cloudy,"05064,E5682,03591,15000,02497,EHBK,01327"
"Paul-Henri Spaaklaan 1, 6229 EN Maastricht",2025-01-15T21:00:00,2.1,2.1,2.1,99.96,0.006,100,rain,0,0,4.3,1.7,157,1034.3,100,0,0,0,0,,"Rain, Overcast",rain,"05064,E5682,03591,15000,02497,EHBK,01327"
"Paul-Henri Spaaklaan 1, 6229 EN Maastricht",2025-01-15T22:00:00,2.8,2.8,2.8,99.98,0,0,,0,0,4.3,1.8,268,1034.3,100,0,0,0,0,,Overcast,cloudy,"05064,E5682,03591,15000,02497,EHBK,01327"
"Paul-Henri Spaaklaan 1, 6229 EN Maastricht",2025-01-15T23:00:00,2.8,2.8,2.7,99.97,0,0,,0,0,3.2,3.7,340,1034.3,100,0,0,0,0,,Overcast,cloudy,"05064,E5682,03591,15000,02497,EHBK,01327"
"Paul-Henri Spaaklaan 1, 6229 EN Maastricht",2025-01-16T00:00:00,2.7,2.7,2.7,99.95,0.069,100,rain,0,0,3.2,3.2,252,1035.1,100,0.8,0,0,0,,"Rain, Overcast",rain,"05064,E5682,03591,15000,02497,EHBK,01327"
"Paul-Henri Spaaklaan 1, 6229 EN Maastricht",2025-01-16T01:00:00,1.9,1.9,1.9,99.93,0,0,,0,0,3.2,2.3,183,1034.3,100,0.8,0,0,0,,Overcast,fog,"05064,E5682,03591,15000,02497,EHBK,01327"
"Paul-Henri Spaaklaan 1, 6229 EN Maastricht",2025-01-16T02:00:00,1.9,1.9,1.9,99.93,0,0,,0,0,3.2,3.4,200,1034.3,100,0.8,0,0,0,,Overcast,fog,"05064,E5682,03591,15000,02497,EHBK,01327"
"Paul-Henri Spaaklaan 1, 6229 EN Maastricht",2025-01-16T03:00:00,1.8,1.8,1.8,99.97,0.007,100,"rain,snow",0,0,4,3.5,91,1034.3,100,0.8,0,0,0,,"Snow, Rain, Overcast",rain,"05064,E5682,03591,15000,02497,EHBK,01327"
"Paul-Henri Spaaklaan 1, 6229 EN Maastricht",2025-01-16T04:00:00,1.8,0.4,1.8,99.96,0,0,,0,0,4,5.4,59,1035.1,100,0.8,0,0,0,,Overcast,fog,"05064,E5682,03591,15000,02497,EHBK,01327"
"Paul-Henri Spaaklaan 1, 6229 EN Maastricht",2025-01-16T05:00:00,1.8,-0.3,1.8,99.95,0,0,,0,0,4,7.1,59,1035.2,100,0.8,0,0,0,,Overcast,fog,"05064,E5682,03591,15000,02497,EHBK,01327"
"Paul-Henri Spaaklaan 1, 6229 EN Maastricht",2025-01-16T06:00:00,1.7,0.2,0.9,94.55,0,0,,0,0,4.3,5.4,72,1035.2,100,0.8,0,0,0,,Overcast,fog,"05064,E5682,03591,15000,02497,EHBK,01327"
"Paul-Henri Spaaklaan 1, 6229 EN Maastricht",2025-01-16T07:00:00,1.7,-1.1,1.7,99.87,0,0,,0,0,4,9.2,82,1035.2,100,0.8,0,0,0,,Overcast,fog,"05064,C6175,03591,15000,02497,EHBK,01327"
"Paul-Henri Spaaklaan 1, 6229 EN Maastricht",2025-01-16T08:00:00,1.7,-0.9,1.7,99.86,0,0,,0,0,4.7,8.6,91,1035.3,100,1,0,0,0,,Overcast,cloudy,"05064,C6175,03591,15000,02497,EHBK,01327"
"Paul-Henri Spaaklaan 1, 6229 EN Maastricht",2025-01-16T09:00:00,1.6,-0.6,1.6,99.8,0,0,,0,0,5.8,7.1,83,1035.3,100,0.8,9,0,0,,Overcast,fog,"05064,C6175,03591,15000,02497,EHBK,01327"
"Paul-Henri Spaaklaan 1, 6229 EN Maastricht",2025-01-16T10:00:00,1.6,-0.6,0.8,94.39,0,0,,0,0,6.1,7.2,85,1036.2,100,0.8,23,0.1,0,,Overcast,fog,"05064,E5682,03591,15000,02497,EHBK,01327"
"Paul-Henri Spaaklaan 1, 6229 EN Maastricht",2025-01-16T11:00:00,0.9,-0.6,0.9,99.62,0,0,,0,0,5.8,5,86,1036.3,100,0.8,48,0.2,0,,Overcast,fog,"05064,E5682,03591,15000,02497,EHBK,01327"
"Paul-Henri Spaaklaan 1, 6229 EN Maastricht",2025-01-16T12:00:00,1,-1.1,0.9,99.28,0,0,,0,0,5.8,6.7,117,1036.3,100,0,54,0.2,1,,Overcast,cloudy,"05064,E5682,03591,15000,02497,EHBK,01327"
"Paul-Henri Spaaklaan 1, 6229 EN Maastricht",2025-01-16T13:00:00,1,-1.2,0.9,99.15,0,0,,0,0,8.6,7.1,98,1036.2,100,1,54,0.2,1,,Overcast,cloudy,"05064,E5682,03591,15000,02497,EHBK,01327"
"Paul-Henri Spaaklaan 1, 6229 EN Maastricht",2025-01-16T14:00:00,1.9,-0.9,0.9,93.22,0,0,,0,0,9.4,9.6,139,1035.3,100,3.7,55,0.2,1,,Overcast,cloudy,"05064,E5682,03591,15000,02497,EHBK,01327"
"Paul-Henri Spaaklaan 1, 6229 EN Maastricht",2025-01-16T15:00:00,1.3,-0.7,0.9,96.94,0,0,,0,0,7.2,6.6,172,1035.2,83.1,6.7,50,0.2,1,,Partially cloudy,partly-cloudy-day,"05064,E5682,03591,15000,02497,EHBK,01327"
"Paul-Henri Spaaklaan 1, 6229 EN Maastricht",2025-01-16T16:00:00,2.1,2.1,1.8,97.69,0,0,,0,0,5.8,3.6,262,1035.2,83.1,8.5,29,0.1,0,,Partially cloudy,partly-cloudy-day,"05064,E5682,03591,15000,02497,EHBK,01327"
"Paul-Henri Spaaklaan 1, 6229 EN Maastricht",2025-01-16T17:00:00,1.1,1.1,1,99.05,0,0,,0,0,2.2,3.4,174,1035.3,83.1,2.3,0,0,0,,Partially cloudy,partly-cloudy-day,"05064,E5682,03591,15000,02497,EHBK,01327"
"Paul-Henri Spaaklaan 1, 6229 EN Maastricht",2025-01-16T18:00:00,0.2,0.2,0,99.26,0,0,,0,0,3.2,2.8,105,1035.3,83.1,1.7,0,0,0,,Partially cloudy,partly-cloudy-night,"05064,E5682,03591,15000,02497,EHBK,01327"
"Paul-Henri Spaaklaan 1, 6229 EN Maastricht",2025-01-16T19:00:00,-0.8,-0.8,-1,99.05,0,0,,0,0,2.5,2.4,18,1036.2,83.1,1.5,0,0,0,,Partially cloudy,partly-cloudy-night,"05064,E5682,03591,15000,02497,EHBK,01327"
"Paul-Henri Spaaklaan 1, 6229 EN Maastricht",2025-01-16T20:00:00,-0.2,-0.2,-0.2,99.45,0,0,,0,0,4,2,356,1036.3,83.1,0.2,0,0,0,,Partially cloudy,fog,"05064,E5682,03591,15000,02497,EHBK,01327"
"Paul-Henri Spaaklaan 1, 6229 EN Maastricht",2025-01-16T21:00:00,-0.8,-0.8,-0.9,99.43,0,0,,0,0,5.4,3.7,172,1036.3,83.1,1,0,0,0,,Partially cloudy,partly-cloudy-night,"05064,E5682,03591,15000,02497,EHBK,01327"
"Paul-Henri Spaaklaan 1, 6229 EN Maastricht",2025-01-16T22:00:00,-0.9,-2.7,-1,99.39,0,0,,0,0,5.4,5.2,197,1036.3,83.1,1.2,0,0,0,,Partially cloudy,partly-cloudy-night,"05064,E5682,03591,15000,02497,EHBK,01327"
"Paul-Henri Spaaklaan 1, 6229 EN Maastricht",2025-01-16T23:00:00,-0.8,-0.8,-0.8,99.46,0,0,,0,0,4,1.9,344,1037.2,83.1,1.9,0,0,0,,Partially cloudy,partly-cloudy-night,"05064,E5682,03591,15000,02497,EHBK,01327"
"Paul-Henri Spaaklaan 1, 6229 EN Maastricht",2025-01-17T00:00:00,-0.9,-0.9,-1,99.6,0,0,,0,0,4,1.8,301,1037.2,100,0,0,0,0,,Overcast,cloudy,"05064,E5682,03591,15000,02497,EHBK,01327"
"Paul-Henri Spaaklaan 1, 6229 EN Maastricht",2025-01-17T01:00:00,-0.9,-2.7,-1,99.68,0,0,,0,0,3.6,5.2,199,1037.2,83.1,0,0,0,0,,Partially cloudy,partly-cloudy-night,"05064,E5682,03591,15000,02497,EHBK,01327"
"Paul-Henri Spaaklaan 1, 6229 EN Maastricht",2025-01-17T02:00:00,-0.8,-2.6,-0.9,99.59,0,0,,0,0,4,5.2,225,1036.3,83.1,0.3,0,0,0,,Partially cloudy,fog,"05064,E5682,03591,15000,02497,EHBK,01327"
"Paul-Henri Spaaklaan 1, 6229 EN Maastricht",2025-01-17T03:00:00,-1.6,-1.6,-1.7,99.65,0,0,,0,0,3.2,3.5,254,1036.2,83.1,0.7,0,0,0,,Partially cloudy,fog,"05064,E5682,03591,15000,02497,EHBK,01327"
"Paul-Henri Spaaklaan 1, 6229 EN Maastricht",2025-01-17T04:00:00,-1.8,-1.8,-2.6,94.22,0,0,,0,0,2.5,2.6,181,1036.2,83.1,0.2,0,0,0,,Partially cloudy,fog,"05064,E5682,03591,15000,02497,EHBK,01327"
"Paul-Henri Spaaklaan 1, 6229 EN Maastricht",2025-01-17T05:00:00,-2.5,-2.5,-2.5,99.64,0,0,,0,0,1.8,2.3,119,1036.2,83.1,0.7,0,0,0,,Partially cloudy,fog,"05064,E5682,03591,15000,02497,EHBK,01327"
"Paul-Henri Spaaklaan 1, 6229 EN Maastricht",2025-01-17T06:00:00,-2.6,-2.6,-2.6,99.65,0,0,,0,0,2.2,2.8,170,1036.2,100,0,0,0,0,,Overcast,cloudy,"05064,E5682,03591,15000,02497,EHBK,01327"
"Paul-Henri Spaaklaan 1, 6229 EN Maastricht",2025-01-17T07:00:00,-2.6,-2.6,-2.7,99.64,0,0,,0,0,2.9,2.6,84,1036.3,100,0,0,0,0,,Overcast,cloudy,"05064,C6175,03591,15000,02497,EHBK,01327"
"Paul-Henri Spaaklaan 1, 6229 EN Maastricht",2025-01-17T08:00:00,-2.8,-2.8,-2.8,99.67,0,0,,0,0,3.2,2.1,285,1036.3,100,0,0,0,0,,Overcast,cloudy,"05064,C6175,03591,15000,02497,EHBK,01327"
"Paul-Henri Spaaklaan 1, 6229 EN Maastricht",2025-01-17T09:00:00,-2.1,-2.1,-2.1,99.62,0,0,,0,0,1.8,2.4,327,1037.2,100,0,9,0,0,,Overcast,cloudy,"05064,C6175,03591,15000,02497,EHBK,01327"
"Paul-Henri Spaaklaan 1, 6229 EN Maastricht",2025-01-17T10:00:00,-2,-2,-2.2,99.15,0,0,,0,0,2.2,3.1,345,1037.3,100,0,38,0.1,0,,Overcast,cloudy,"05064,E5682,03591,15000,02497,EHBK,01327"
"Paul-Henri Spaaklaan 1, 6229 EN Maastricht",2025-01-17T11:00:00,-1.8,-1.8,-1.9,98.98,0,0,,0,0,2.2,3.8,318,1038.2,100,0,69,0.2,1,,Overcast,cloudy,"05064,E5682,03591,15000,02497,EHBK,01327"
"Paul-Henri Spaaklaan 1, 6229 EN Maastricht",2025-01-17T12:00:00,-1.5,-1.5,-1.7,98.62,0,0,,0,0,4,4.3,177,1037.3,100,0,91,0.3,1,,Overcast,cloudy,"05064,E5682,03591,15000,02497,EHBK,01327"
"Paul-Henri Spaaklaan 1, 6229 EN Maastricht",2025-01-17T13:00:00,-0.8,-0.8,-1,98.58,0,0,,0,0,4,3.2,323,1037.2,100,0,90,0.3,1,,Overcast,cloudy,"05064,E5682,03591,15000,02497,EHBK,01327"
"Paul-Henri Spaaklaan 1, 6229 EN Maastricht",2025-01-17T14:00:00,-0.8,-0.8,-0.9,99.03,0,0,,0,0,4.3,3.8,50,1036.2,100,0,64,0.2,1,,Overcast,cloudy,"05064,E5682,03591,15000,02497,EHBK,01327"
"Paul-Henri Spaaklaan 1, 6229 EN Maastricht",2025-01-17T15:00:00,-0.8,-0.8,-0.9,99.22,0,0,,0,0,5,3.6,70,1036.2,100,0,40,0.1,0,,Overcast,cloudy,"05064,E5682,03591,15000,02497,EHBK,01327"
"Paul-Henri Spaaklaan 1, 6229 EN Maastricht",2025-01-17T16:00:00,-0.9,-3.5,-1,99.56,0,0,,0,0,5,7,69,1036.2,100,0,17,0.1,0,,Overcast,cloudy,"05064,E5682,03591,15000,02497,EHBK,01327"
"Paul-Henri Spaaklaan 1, 6229 EN Maastricht",2025-01-17T17:00:00,-1,-2.8,-1,99.74,0,0,,0,0,4.7,5.2,95,1036.1,100,0,0,0,0,,Overcast,cloudy,"05064,E5682,03591,15000,02497,EHBK,01327"
"Paul-Henri Spaaklaan 1, 6229 EN Maastricht",2025-01-17T18:00:00,-1.1,-3.4,-1.9,94.28,0,0,,0,0,4.7,6.4,109,1035.3,100,0,0,0,0,,Overcast,cloudy,"05064,E5682,03591,15000,02497,EHBK,01327"
"Paul-Henri Spaaklaan 1, 6229 EN Maastricht",2025-01-17T19:00:00,-1.2,-1.2,-1.2,99.86,0,0,,0,0,2.9,4.2,124,1035.3,100,0,0,0,0,,Overcast,cloudy,"05064,E5682,03591,15000,02497,EHBK,01327"
"Paul-Henri Spaaklaan 1, 6229 EN Maastricht",2025-01-17T20:00:00,-1.2,-3.9,-1.2,99.8,0,0,,0,0,3.2,7.4,51,1035.2,100,0,0,0,0,,Overcast,cloudy,"05064,E5682,03591,15000,02497,EHBK,01327"
"Paul-Henri Spaaklaan 1, 6229 EN Maastricht",2025-01-17T21:00:00,-1.1,-4.4,-1.1,99.75,0,0,,0,0,5,9.2,51,1035.3,100,0,0,0,0,,Overcast,cloudy,"05064,E5682,03591,15000,02497,EHBK,01327"
"Paul-Henri Spaaklaan 1, 6229 EN Maastricht",2025-01-17T22:00:00,-1.1,-5,-1.1,99.83,0,0,,0,0,5.4,11.4,47,1035.2,100,0,0,0,0,,Overcast,cloudy,"05064,E5682,03591,15000,02497,EHBK,01327"
"Paul-Henri Spaaklaan 1, 6229 EN Maastricht",2025-01-17T23:00:00,-1.2,-4.5,-1.2,99.83,0,0,,0,0,5.8,9.6,86,1035.2,100,0,0,0,0,,Overcast,cloudy,"05064,E5682,03591,15000,02497,EHBK,01327"
"Paul-Henri Spaaklaan 1, 6229 EN Maastricht",2025-01-18T00:00:00,-1.2,-4.4,-1.2,99.83,0,0,,0,0,5.8,8.9,84,1035.2,100,0,0,0,0,,Overcast,cloudy,"05064,E5682,03591,15000,02497,EHBK,01327"
"Paul-Henri Spaaklaan 1, 6229 EN Maastricht",2025-01-18T01:00:00,-1.1,-5.1,-1.1,100,0,0,,0,0,6.5,11.9,72,1034.1,98.7,0.8,0,0,0,,Overcast,fog,"E5682,EBBL,EBLG,EHBK"
"Paul-Henri Spaaklaan 1, 6229 EN Maastricht",2025-01-18T02:00:00,-1.1,-5.1,-1.1,100,0,0,,0,0,6.5,12,72,1033.9,98.7,0.8,0,0,0,,Overcast,fog,"E5682,EBBL,EBLG,EHBK"
"Paul-Henri Spaaklaan 1, 6229 EN Maastricht",2025-01-18T03:00:00,-1.1,-4.3,-1.1,100,0,0,,0,0,5.4,8.8,79,1032.9,98.7,0,0,0,0,,Overcast,cloudy,"E5682,EBBL,EBLG,EHBK"
"Paul-Henri Spaaklaan 1, 6229 EN Maastricht",2025-01-18T04:00:00,-1.2,-4.7,-1.2,100,0,0,,0,0,4.3,10.2,89,1032.1,98.7,0.1,0,0,0,,Overcast,fog,"E5682,EBBL,EBLG,EHBK"
"Paul-Henri Spaaklaan 1, 6229 EN Maastricht",2025-01-18T05:00:00,-1.2,-4.7,-1.2,100,0,0,,0,0,2.9,10.2,65,1031.9,98.7,0.8,0,0,0,,Overcast,fog,"E5682,EBBL,EBLG,EHBK"
"Paul-Henri Spaaklaan 1, 6229 EN Maastricht",2025-01-18T06:00:00,-1.2,-4.8,-1.2,100,0,0,,0,0,2.5,10.4,70,1031.1,98.7,0.9,0,0,0,,Overcast,fog,"C6175,EBBL,EBLG,EHBK"
"Paul-Henri Spaaklaan 1, 6229 EN Maastricht",2025-01-18T07:00:00,-1.2,-4.7,-1.2,100,0,0,,0,0,5.4,10.2,52,1031.1,98.7,0.9,0,0,0,,Overcast,fog,"C6175,EBBL,EBLG,EHBK"
"Paul-Henri Spaaklaan 1, 6229 EN Maastricht",2025-01-18T08:00:00,-1.2,-5.3,-1.2,100,0,0,,0,0,6.8,12.4,75,1031.1,98.7,1.7,0,0,0,,Overcast,cloudy,"C6175,EBBL,EBLG,EHBK"
"Paul-Henri Spaaklaan 1, 6229 EN Maastricht",2025-01-18T09:00:00,-1.2,-5.6,-1.2,100,0,0,,0,0,7.6,13.7,73,1031.1,98.7,1.7,5,0,0,,Overcast,cloudy,"C6175,EBBL,EBLG,EHBK"
"Paul-Henri Spaaklaan 1, 6229 EN Maastricht",2025-01-18T10:00:00,-1.2,-5.6,-1.2,100,0,0,,0,0,7.6,13.9,72,1031.1,98.7,2.6,26,0.1,0,,Overcast,cloudy,"E5682,EBBL,EBLG,EHBK"
"Paul-Henri Spaaklaan 1, 6229 EN Maastricht",2025-01-18T11:00:00,-1.2,-6.2,-1.2,100,0,0,,0,0,5.8,16.8,90,1030.2,98.7,2.7,52,0.2,1,,Overcast,cloudy,"E5682,EBBL,EBLG,EHBK"
"Paul-Henri Spaaklaan 1, 6229 EN Maastricht",2025-01-18T12:00:00,-1.1,-5.1,-1.1,100,0,0,,0,0,4.3,12,99,1030.1,98.7,3.7,66,0.2,1,,Overcast,cloudy,"E5682,EBBL,EBLG,EHBK"
"Paul-Henri Spaaklaan 1, 6229 EN Maastricht",2025-01-18T13:00:00,-0.3,-3.8,-0.4,99.23,0,0,,0,0,4,10.6,123,1030,98.7,6.8,58,0.2,1,,Overcast,cloudy,"E5682,EBBL,EBLG,EHBK"
"Paul-Henri Spaaklaan 1, 6229 EN Maastricht",2025-01-18T14:00:00,-1,-3.6,-1.2,98.85,0,0,,0,0,6.1,7,167,1029.1,98.7,6.9,75,0.3,1,,Overcast,cloudy,"E5682,EBBL,EBLG,EHBK"
"Paul-Henri Spaaklaan 1, 6229 EN Maastricht",2025-01-18T15:00:00,-0.9,-3.4,-1,99.22,0,0,,0,0,6.1,6.9,190,1029,98.7,5.2,67,0.2,1,,Overcast,cloudy,"E5682,EBBL,EBLG,EHBK"
"Paul-Henri Spaaklaan 1, 6229 EN Maastricht",2025-01-18T16:00:00,-0.9,-0.9,-1,99.22,0,0,,0,0,6.1,4.2,190,1028.9,98.7,6.4,28,0.1,0,,Overcast,cloudy,"E5682,EBBL,EBLG,EHBK"
"Paul-Henri Spaaklaan 1, 6229 EN Maastricht",2025-01-18T17:00:00,-1,-1,-1,100,0,0,,0,0,4.3,3.6,61,1028.9,98.7,6.7,0,0,0,,Overcast,cloudy,"E5682,EBBL,EBLG,EHBK"
"Paul-Henri Spaaklaan 1, 6229 EN Maastricht",2025-01-18T18:00:00,-1,-3.8,-1,99.62,0,0,,0,0,4.7,7.6,179,1028.1,98.7,5.1,0,0,0,,Overcast,cloudy,"E5682,EBBL,EBLG,EHBK"
"Paul-Henri Spaaklaan 1, 6229 EN Maastricht",2025-01-18T19:00:00,-1,-1,-1,100,0,0,,0,0,5.4,3.5,90,1028,98.7,2.7,0,0,0,,Overcast,cloudy,"E5682,EBBL,EBLG,EHBK"
"Paul-Henri Spaaklaan 1, 6229 EN Maastricht",2025-01-18T20:00:00,-1.1,-1.1,-1.1,100,0,0,,0,0,5.8,1.9,81,1027.9,98.1,1.6,0,0,0,,Overcast,cloudy,"E5682,EBBL,EBLG,EHBK"
"Paul-Henri Spaaklaan 1, 6229 EN Maastricht",2025-01-18T21:00:00,-1,-1,-1,100,0,0,,0,0,2.9,3.5,110,1027.1,98.7,1.6,0,0,0,,Overcast,cloudy,"E5682,EBBL,EBLG,EHBK"
"Paul-Henri Spaaklaan 1, 6229 EN Maastricht",2025-01-18T22:00:00,-1,-1,-1,100,0,0,,0,0,4,3.5,120,1027,98.7,2.2,0,0,0,,Overcast,cloudy,"E5682,EBBL,EBLG,EHBK"
"Paul-Henri Spaaklaan 1, 6229 EN Maastricht",2025-01-18T23:00:00,-1,-2.9,-1,100,0,0,,0,0,5,5.2,152,1026.1,98.7,3.4,0,0,0,,Overcast,cloudy,"E5682,EBBL,EBLG,EHBK"
