time_epoch,time,Temperature (C),temp_f,is_day,condition,wind_mph,wind_kph,wind_degree,wind_dir,pressure_mb,pressure_in,precip_mm,precip_in,snow_cm,Humidity (%),cloud,feelslike_c,feelslike_f,windchill_c,windchill_f,heatindex_c,heatindex_f,dewpoint_c,dewpoint_f,will_it_rain,chance_of_rain,will_it_snow,chance_of_snow,vis_km,vis_miles,gust_mph,gust_kph,uv,Timestamp
1736776800,13/01/2025 15:00,1.1,34,1,"{'text': 'Sunny', 'icon': '//cdn.weatherapi.com/weather/64x64/day/113.png', 'code': 1000}",3.1,5,56,ENE,1040,30.7,0,0,0,85,0,-0.3,31.4,-0.3,31.4,1.1,34,-1.1,30.1,0,0,0,0,10,6,5.2,8.4,2,13/01/2025 15:00
1736780400,13/01/2025 16:00,-0.8,30.6,1,"{'text': 'Sunny', 'icon': '//cdn.weatherapi.com/weather/64x64/day/113.png', 'code': 1000}",3.1,5,47,NE,1039,30.69,0,0,0,92,0,-2.5,27.5,-2.5,27.5,-0.8,30.6,-2,28.5,0,0,0,0,10,6,6.6,10.6,2,13/01/2025 16:00
1736784000,13/01/2025 17:00,-3.5,25.7,0,"{'text': 'Mist', 'icon': '//cdn.weatherapi.com/weather/64x64/night/143.png', 'code': 1030}",2.9,4.7,64,ENE,1039,30.7,0,0,0,94,0,-5.4,22.3,-5.4,22.3,-3.5,25.7,-4.3,24.2,0,0,0,0,2,1,6.1,9.8,0,13/01/2025 17:00
1736787600,13/01/2025 18:00,-4.5,23.9,0,"{'text': 'Mist', 'icon': '//cdn.weatherapi.com/weather/64x64/night/143.png', 'code': 1030}",3.4,5.4,115,ESE,1039,30.7,0,0,0,94,0,-6.9,19.6,-6.9,19.6,-4.5,23.9,-5.3,22.6,0,0,0,0,2,1,7,11.3,0,13/01/2025 18:00
1736791200,13/01/2025 19:00,-4.9,23.1,0,"{'text': 'Mist', 'icon': '//cdn.weatherapi.com/weather/64x64/night/143.png', 'code': 1030}",3.1,5,138,SE,1039,30.69,0,0,0,94,0,-7.2,19,-7.2,19,-4.9,23.1,-5.7,21.7,0,0,0,0,2,1,6.6,10.6,0,13/01/2025 19:00
1736794800,13/01/2025 20:00,-5.2,22.7,0,"{'text': 'Mist', 'icon': '//cdn.weatherapi.com/weather/64x64/night/143.png', 'code': 1030}",2.5,4,171,S,1039,30.69,0,0,0,94,0,-6.8,19.8,-6.8,19.8,-5.2,22.7,-6,21.3,0,0,0,0,2,1,5.2,8.3,0,13/01/2025 20:00
1736798400,13/01/2025 21:00,-5.3,22.4,0,"{'text': 'Mist', 'icon': '//cdn.weatherapi.com/weather/64x64/night/143.png', 'code': 1030}",3.1,5,177,S,1039,30.68,0,0,0,94,0,-7.6,18.3,-7.6,18.3,-5.3,22.4,-6.1,21,0,0,0,0,2,1,6.6,10.6,0,13/01/2025 21:00
1736802000,13/01/2025 22:00,-5.3,22.4,0,"{'text': 'Clear', 'icon': '//cdn.weatherapi.com/weather/64x64/night/113.png', 'code': 1000}",3.1,5,181,S,1039,30.67,0,0,0,93,0,-7.6,18.2,-7.6,18.2,-5.3,22.4,-6.3,20.7,0,0,0,0,10,6,6.6,10.6,0,13/01/2025 22:00
1736805600,13/01/2025 23:00,-5.4,22.2,0,"{'text': 'Clear', 'icon': '//cdn.weatherapi.com/weather/64x64/night/113.png', 'code': 1000}",3.1,5,185,S,1039,30.67,0,0,0,93,0,-7.8,18,-7.8,18,-5.4,22.2,-6.4,20.4,0,0,0,0,10,6,6.6,10.6,0,13/01/2025 23:00
1736809200,14/01/2025 00:00,-4.9,23.2,0,"{'text': 'Clear', 'icon': '//cdn.weatherapi.com/weather/64x64/night/113.png', 'code': 1000}",3.1,5,204,SSW,1039,30.69,0,0,0,92,1,-7.1,19.1,-7.1,19.1,-4.9,23.2,-6,21.3,0,0,0,0,10,6,6.6,10.6,0,14/01/2025 00:00
1736812800,14/01/2025 01:00,-5.2,22.6,0,"{'text': 'Clear', 'icon': '//cdn.weatherapi.com/weather/64x64/night/113.png', 'code': 1000}",3.4,5.4,223,SW,1039,30.68,0,0,0,93,1,-7.8,18.1,-7.8,18.1,-5.2,22.6,-6.1,21,0,0,0,0,10,6,7,11.3,0,14/01/2025 01:00
1736816400,14/01/2025 02:00,-4.8,23.4,0,"{'text': 'Clear', 'icon': '//cdn.weatherapi.com/weather/64x64/night/113.png', 'code': 1000}",4.7,7.6,192,SSW,1039,30.67,0,0,0,92,9,-8.2,17.2,-8.2,17.2,-4.8,23.4,-6,21.3,0,0,0,0,10,6,9.9,15.9,0,14/01/2025 02:00
1736820000,14/01/2025 03:00,-4,24.7,0,"{'text': 'Clear', 'icon': '//cdn.weatherapi.com/weather/64x64/night/113.png', 'code': 1000}",5.4,8.6,189,S,1038,30.64,0,0,0,88,17,-7.7,18.1,-7.7,18.1,-4,24.7,-5.7,21.7,0,0,0,0,10,6,11.3,18.1,0,14/01/2025 03:00
1736823600,14/01/2025 04:00,-4,24.7,0,"{'text': 'Partly cloudy', 'icon': '//cdn.weatherapi.com/weather/64x64/night/116.png', 'code': 1003}",3.4,5.4,208,SSW,1037,30.63,0,0,0,87,46,-6.4,20.5,-6.4,20.5,-4,24.7,-5.9,21.5,0,0,0,0,10,6,7,11.3,0,14/01/2025 04:00
1736827200,14/01/2025 05:00,-4.3,24.3,0,"{'text': 'Partly cloudy', 'icon': '//cdn.weatherapi.com/weather/64x64/night/116.png', 'code': 1003}",3.4,5.4,217,SW,1037,30.62,0,0,0,89,53,-6.7,20,-6.7,20,-4.3,24.3,-5.8,21.5,0,0,0,0,10,6,7,11.3,0,14/01/2025 05:00
1736830800,14/01/2025 06:00,-3.6,25.6,0,"{'text': 'Overcast', 'icon': '//cdn.weatherapi.com/weather/64x64/night/122.png', 'code': 1009}",5.4,8.6,195,SSW,1036,30.6,0,0,0,85,98,-7.2,19.1,-7.2,19.1,-3.6,25.6,-5.8,21.7,0,0,0,0,10,6,11.3,18.1,0,14/01/2025 06:00
1736834400,14/01/2025 07:00,-3.3,26,0,"{'text': 'Partly cloudy', 'icon': '//cdn.weatherapi.com/weather/64x64/night/116.png', 'code': 1003}",3.4,5.4,220,SW,1037,30.61,0,0,0,84,49,-5.6,22,-5.6,22,-3.3,26,-5.6,22,0,0,0,0,10,6,7,11.3,0,14/01/2025 07:00
1736838000,14/01/2025 08:00,-4.1,24.5,0,"{'text': 'Partly cloudy', 'icon': '//cdn.weatherapi.com/weather/64x64/night/116.png', 'code': 1003}",4.5,7.2,201,SSW,1037,30.62,0,0,0,87,46,-7.3,18.9,-7.3,18.9,-4.2,24.5,-6,21.2,0,0,0,0,10,6,9.4,15.1,0,14/01/2025 08:00
1736841600,14/01/2025 09:00,-3.6,25.5,1,"{'text': 'Sunny', 'icon': '//cdn.weatherapi.com/weather/64x64/day/113.png', 'code': 1000}",5.1,8.3,207,SSW,1037,30.62,0,0,0,83,24,-7.1,19.3,-7.1,19.3,-3.6,25.5,-6,21.1,0,0,0,0,10,6,10.8,17.4,2,14/01/2025 09:00
1736845200,14/01/2025 10:00,-1.8,28.7,1,"{'text': 'Sunny', 'icon': '//cdn.weatherapi.com/weather/64x64/day/113.png', 'code': 1000}",5.4,8.6,213,SSW,1037,30.62,0,0,0,78,17,-5.1,22.9,-5.1,22.9,-1.8,28.7,-5.1,22.8,0,0,0,0,10,6,11.3,18.1,2,14/01/2025 10:00
1736848800,14/01/2025 11:00,0.2,32.3,1,"{'text': 'Partly cloudy', 'icon': '//cdn.weatherapi.com/weather/64x64/day/116.png', 'code': 1003}",6.3,10.1,215,SW,1037,30.61,0,0,0,73,32,-3.1,26.4,-3.1,26.4,0.2,32.3,-4.1,24.5,0,0,0,0,10,6,11.1,17.9,2,14/01/2025 11:00
1736852400,14/01/2025 12:00,1.3,34.4,1,"{'text': 'Partly cloudy', 'icon': '//cdn.weatherapi.com/weather/64x64/day/116.png', 'code': 1003}",6.3,10.1,233,SW,1036,30.6,0,0,0,71,42,-1.8,28.8,-1.8,28.8,1.3,34.4,-3.4,25.8,0,0,0,0,10,6,10.3,16.6,2,14/01/2025 12:00
1736856000,14/01/2025 13:00,1.9,35.5,1,"{'text': 'Partly cloudy', 'icon': '//cdn.weatherapi.com/weather/64x64/day/116.png', 'code': 1003}",6.9,11.2,234,SW,1035,30.58,0,0,0,71,47,-1.3,29.7,-1.3,29.7,1.9,35.5,-2.7,27.1,0,0,0,0,10,6,11.2,18,2,14/01/2025 13:00
1736859600,14/01/2025 14:00,2.2,36,1,"{'text': 'Partly cloudy', 'icon': '//cdn.weatherapi.com/weather/64x64/day/116.png', 'code': 1003}",7.6,12.2,225,SW,1034,30.54,0,0,0,74,40,-1.2,29.9,-1.2,29.9,2.2,36,-2,28.5,0,0,0,0,10,6,12.6,20.3,2,14/01/2025 14:00
1736863200,14/01/2025 15:00,1.8,35.3,1,"{'text': 'Partly cloudy', 'icon': '//cdn.weatherapi.com/weather/64x64/day/116.png', 'code': 1003}",7.4,11.9,224,SW,1034,30.53,0,0,0,76,39,-1.6,29.2,-1.6,29.2,1.8,35.3,-1.9,28.7,0,0,0,0,10,6,13.4,21.5,2,14/01/2025 15:00
1736866800,14/01/2025 16:00,1.6,34.8,1,"{'text': 'Cloudy', 'icon': '//cdn.weatherapi.com/weather/64x64/day/119.png', 'code': 1006}",6.9,11.2,229,SW,1034,30.53,0,0,0,79,84,-1.7,28.9,-1.7,28.9,1.6,34.8,-1.7,28.9,0,0,0,0,10,6,13.2,21.2,1,14/01/2025 16:00
1736870400,14/01/2025 17:00,1,33.8,0,"{'text': 'Overcast', 'icon': '//cdn.weatherapi.com/weather/64x64/night/122.png', 'code': 1009}",6.9,11.2,220,SW,1034,30.53,0,0,0,83,100,-2.4,27.7,-2.4,27.7,1,33.8,-1.6,29.1,0,0,0,0,10,6,14.3,23,0,14/01/2025 17:00
1736874000,14/01/2025 18:00,1.4,34.5,0,"{'text': 'Patchy rain possible', 'icon': '//cdn.weatherapi.com/weather/64x64/night/176.png', 'code': 1063}",6.7,10.8,220,SW,1034,30.53,0.01,0,0,85,100,-1.8,28.7,-1.8,28.7,1.4,34.5,-0.8,30.5,0,45,0,0,10,6,13.2,21.3,0,14/01/2025 18:00
1736877600,14/01/2025 19:00,1.5,34.6,0,"{'text': 'Light drizzle', 'icon': '//cdn.weatherapi.com/weather/64x64/night/266.png', 'code': 1153}",6,9.7,222,SW,1034,30.54,0.16,0.01,0,89,100,-1.5,29.3,-1.5,29.3,1.5,34.6,-0.1,31.8,1,100,0,0,2,1,11.7,18.9,0,14/01/2025 19:00
1736881200,14/01/2025 20:00,1.5,34.7,0,"{'text': 'Overcast', 'icon': '//cdn.weatherapi.com/weather/64x64/night/122.png', 'code': 1009}",6.9,11.2,220,SW,1034,30.53,0,0,0,92,100,-1.8,28.8,-1.8,28.8,1.5,34.7,0.4,32.7,0,45,0,0,10,6,13.5,21.7,0,14/01/2025 20:00
1736884800,14/01/2025 21:00,1.6,35,0,"{'text': 'Mist', 'icon': '//cdn.weatherapi.com/weather/64x64/night/143.png', 'code': 1030}",7.2,11.5,229,SW,1034,30.52,0,0,0,94,100,-1.7,28.9,-1.7,28.9,1.7,35,0.9,33.5,0,0,0,0,2,1,13.8,22.2,0,14/01/2025 21:00
1736888400,14/01/2025 22:00,1.7,35.1,0,"{'text': 'Mist', 'icon': '//cdn.weatherapi.com/weather/64x64/night/143.png', 'code': 1030}",6.5,10.4,222,SW,1033,30.51,0,0,0,96,100,-1.4,29.5,-1.4,29.5,1.7,35.1,1.2,34.1,0,0,0,0,2,1,12.4,19.9,0,14/01/2025 22:00
1736892000,14/01/2025 23:00,1.8,35.2,0,"{'text': 'Fog', 'icon': '//cdn.weatherapi.com/weather/64x64/night/248.png', 'code': 1135}",5.8,9.4,220,SW,1033,30.52,0,0,0,97,100,-1.1,30.1,-1.1,30.1,1.8,35.2,1.4,34.5,0,45,0,0,0,0,11.3,18.1,0,14/01/2025 23:00
1736895600,15/01/2025 00:00,1.8,35.2,0,"{'text': 'Mist', 'icon': '//cdn.weatherapi.com/weather/64x64/night/143.png', 'code': 1030}",6.3,10.1,221,SW,1033,30.52,0,0,0,97,100,-1.2,29.8,-1.2,29.8,1.8,35.2,1.3,34.4,0,0,0,0,2,1,11.9,19.1,0,15/01/2025 00:00
1736899200,15/01/2025 01:00,1.8,35.2,0,"{'text': 'Fog', 'icon': '//cdn.weatherapi.com/weather/64x64/night/248.png', 'code': 1135}",5.8,9.4,224,SW,1033,30.52,0,0,0,98,100,-1,30.2,-1,30.2,1.8,35.2,1.5,34.7,0,0,0,0,0,0,11.2,18.1,0,15/01/2025 01:00
1736902800,15/01/2025 02:00,1.8,35.3,0,"{'text': 'Fog', 'icon': '//cdn.weatherapi.com/weather/64x64/night/248.png', 'code': 1135}",5.6,9,225,SW,1033,30.51,0.03,0,0,99,100,-0.9,30.4,-0.9,30.4,1.8,35.3,1.6,35,0,45,0,0,0,0,11.1,17.9,0,15/01/2025 02:00
1736906400,15/01/2025 03:00,1.9,35.4,0,"{'text': 'Fog', 'icon': '//cdn.weatherapi.com/weather/64x64/night/248.png', 'code': 1135}",5.4,8.6,229,SW,1033,30.5,0.01,0,0,99,100,-0.7,30.7,-0.7,30.7,1.9,35.4,1.8,35.2,0,45,0,0,0,0,10.9,17.5,0,15/01/2025 03:00
1736910000,15/01/2025 04:00,1.9,35.5,0,"{'text': 'Fog', 'icon': '//cdn.weatherapi.com/weather/64x64/night/248.png', 'code': 1135}",5.1,8.3,227,SW,1033,30.5,0.04,0,0,99,100,-0.5,31,-0.5,31,2,35.5,1.9,35.3,0,45,0,0,0,0,10.6,17,0,15/01/2025 04:00
1736913600,15/01/2025 05:00,2,35.6,0,"{'text': 'Fog', 'icon': '//cdn.weatherapi.com/weather/64x64/night/248.png', 'code': 1135}",4.9,7.9,217,SW,1033,30.5,0.04,0,0,99,100,-0.4,31.3,-0.4,31.3,2,35.6,1.9,35.4,0,45,0,0,0,0,10.3,16.6,0,15/01/2025 05:00
1736917200,15/01/2025 06:00,2,35.7,0,"{'text': 'Fog', 'icon': '//cdn.weatherapi.com/weather/64x64/night/248.png', 'code': 1135}",4.7,7.6,222,SW,1033,30.5,0.02,0,0,99,100,-0.2,31.6,-0.2,31.6,2,35.7,2,35.5,0,45,0,0,0,0,9.8,15.7,0,15/01/2025 06:00
1736920800,15/01/2025 07:00,2,35.6,0,"{'text': 'Fog', 'icon': '//cdn.weatherapi.com/weather/64x64/night/248.png', 'code': 1135}",3.4,5.4,220,SW,1033,30.51,0.03,0,0,99,100,0.5,32.9,0.5,32.9,2,35.6,1.9,35.5,0,45,0,0,0,0,7,11.2,0,15/01/2025 07:00
1736924400,15/01/2025 08:00,2,35.5,0,"{'text': 'Fog', 'icon': '//cdn.weatherapi.com/weather/64x64/night/248.png', 'code': 1135}",3.1,5,219,SW,1034,30.53,0.02,0,0,99,100,0.6,33.1,0.6,33.1,2,35.5,1.9,35.4,0,45,0,0,0,0,6.5,10.5,0,15/01/2025 08:00
1736928000,15/01/2025 09:00,2,35.6,1,"{'text': 'Fog', 'icon': '//cdn.weatherapi.com/weather/64x64/day/248.png', 'code': 1135}",2.9,4.7,204,SSW,1034,30.54,0.02,0,0,100,100,0.8,33.4,0.8,33.4,2,35.6,1.9,35.5,0,45,0,0,0,0,6,9.6,1,15/01/2025 09:00
1736931600,15/01/2025 10:00,2.4,36.3,1,"{'text': 'Fog', 'icon': '//cdn.weatherapi.com/weather/64x64/day/248.png', 'code': 1135}",3.8,6.1,221,SW,1034,30.53,0,0,0,99,100,0.7,33.3,0.7,33.3,2.4,36.3,2.3,36.2,0,0,0,0,0,0,7.5,12.1,1,15/01/2025 10:00
1736935200,15/01/2025 11:00,3.1,37.6,1,"{'text': 'Fog', 'icon': '//cdn.weatherapi.com/weather/64x64/day/248.png', 'code': 1135}",2.7,4.3,249,WSW,1034,30.55,0,0,0,100,100,2.2,36,2.2,36,3.1,37.6,3.1,37.5,0,0,0,0,0,0,4.9,7.9,1,15/01/2025 11:00
1736938800,15/01/2025 12:00,3.8,38.8,1,"{'text': 'Fog', 'icon': '//cdn.weatherapi.com/weather/64x64/day/248.png', 'code': 1135}",1.8,2.9,217,SW,1034,30.55,0,0,0,100,100,3.8,38.8,3.8,38.8,3.8,38.8,3.7,38.7,0,0,0,0,0,0,3,4.9,1,15/01/2025 12:00
1736942400,15/01/2025 13:00,4.1,39.3,1,"{'text': 'Fog', 'icon': '//cdn.weatherapi.com/weather/64x64/day/248.png', 'code': 1135}",1.8,2.9,243,WSW,1034,30.54,0,0,0,100,100,4.1,39.3,4.1,39.3,4.1,39.3,4,39.2,0,45,0,0,0,0,3,4.8,1,15/01/2025 13:00
1736946000,15/01/2025 14:00,4.1,39.4,1,"{'text': 'Fog', 'icon': '//cdn.weatherapi.com/weather/64x64/day/248.png', 'code': 1135}",1.6,2.5,232,SW,1034,30.53,0,0,0,100,100,4.1,39.4,4.1,39.4,4.1,39.4,4.1,39.3,0,45,0,0,0,0,2.6,4.2,1,15/01/2025 14:00
1736949600,15/01/2025 15:00,4,39.3,1,"{'text': 'Fog', 'icon': '//cdn.weatherapi.com/weather/64x64/day/248.png', 'code': 1135}",1.1,1.8,256,WSW,1034,30.53,0,0,0,100,100,4,39.3,4,39.3,4,39.3,4,39.2,0,0,0,0,0,0,2,3.2,1,15/01/2025 15:00
1736953200,15/01/2025 16:00,3.6,38.4,1,"{'text': 'Fog', 'icon': '//cdn.weatherapi.com/weather/64x64/day/248.png', 'code': 1135}",0.7,1.1,263,W,1034,30.54,0,0,0,99,100,3.6,38.4,3.6,38.4,3.6,38.4,3.4,38.2,0,0,0,0,0,0,1.3,2.1,1,15/01/2025 16:00
1736956800,15/01/2025 17:00,3.1,37.5,1,"{'text': 'Cloudy', 'icon': '//cdn.weatherapi.com/weather/64x64/day/119.png', 'code': 1006}",0.4,0.7,254,WSW,1034,30.54,0,0,0,99,79,3.1,37.5,3.1,37.5,3.1,37.5,2.9,37.2,0,0,0,0,10,6,0.9,1.5,1,15/01/2025 17:00
1736960400,15/01/2025 18:00,3,37.4,0,"{'text': 'Cloudy', 'icon': '//cdn.weatherapi.com/weather/64x64/night/119.png', 'code': 1006}",0.2,0.4,333,NNW,1034,30.55,0,0,0,98,83,3,37.4,3,37.4,3,37.4,2.6,36.8,0,0,0,0,10,6,0.5,0.8,0,15/01/2025 18:00
1736964000,15/01/2025 19:00,3,37.3,0,"{'text': 'Mist', 'icon': '//cdn.weatherapi.com/weather/64x64/night/143.png', 'code': 1030}",1.6,2.5,76,ENE,1035,30.56,0,0,0,96,85,3,37.3,3,37.3,3,37.3,2.5,36.4,0,0,0,0,2,1,3.3,5.3,0,15/01/2025 19:00
1736967600,15/01/2025 20:00,3.1,37.5,0,"{'text': 'Mist', 'icon': '//cdn.weatherapi.com/weather/64x64/night/143.png', 'code': 1030}",2,3.2,96,E,1035,30.56,0,0,0,95,83,2.8,37,2.8,37,3.1,37.5,2.4,36.2,0,0,0,0,2,1,4.2,6.8,0,15/01/2025 20:00
1736971200,15/01/2025 21:00,3.2,37.8,0,"{'text': 'Cloudy', 'icon': '//cdn.weatherapi.com/weather/64x64/night/119.png', 'code': 1006}",2.2,3.6,103,ESE,1035,30.56,0,0,0,94,83,2.7,36.9,2.7,36.9,3.2,37.8,2.3,36.1,0,0,0,0,10,6,4.7,7.6,0,15/01/2025 21:00
1736974800,15/01/2025 22:00,3.3,38,0,"{'text': 'Cloudy', 'icon': '//cdn.weatherapi.com/weather/64x64/night/119.png', 'code': 1006}",2.9,4.7,97,E,1035,30.57,0,0,0,92,82,2.3,36.2,2.3,36.2,3.3,38,2.2,36,0,0,0,0,10,6,6.1,9.8,0,15/01/2025 22:00
1736978400,15/01/2025 23:00,3.5,38.2,0,"{'text': 'Cloudy', 'icon': '//cdn.weatherapi.com/weather/64x64/night/119.png', 'code': 1006}",2.7,4.3,78,ENE,1035,30.57,0,0,0,91,71,2.6,36.7,2.6,36.7,3.5,38.2,2.1,35.8,0,0,0,0,10,6,5.6,9.1,0,15/01/2025 23:00
1736982000,16/01/2025 00:00,0.9,33.6,0,"{'text': 'Clear', 'icon': '//cdn.weatherapi.com/weather/64x64/night/113.png', 'code': 1000}",1.6,2.5,143,SE,1035,30.56,0,0,0,93,8,0.9,33.6,0.9,33.6,0.9,33.6,-0.1,31.7,0,0,0,0,10,6,3.3,5.3,0,16/01/2025 00:00
1736985600,16/01/2025 01:00,0.7,33.3,0,"{'text': 'Clear', 'icon': '//cdn.weatherapi.com/weather/64x64/night/113.png', 'code': 1000}",1.1,1.8,138,SE,1035,30.55,0,0,0,93,7,0.7,33.3,0.7,33.3,0.7,33.3,-0.3,31.4,0,0,0,0,10,6,2.3,3.8,0,16/01/2025 01:00
1736989200,16/01/2025 02:00,0.6,33.1,0,"{'text': 'Clear', 'icon': '//cdn.weatherapi.com/weather/64x64/night/113.png', 'code': 1000}",1.6,2.5,116,ESE,1035,30.56,0,0,0,93,7,0.6,33.1,0.6,33.1,0.6,33.1,-0.5,31.2,0,0,0,0,10,6,3.3,5.3,0,16/01/2025 02:00
1736992800,16/01/2025 03:00,0.5,32.8,0,"{'text': 'Clear', 'icon': '//cdn.weatherapi.com/weather/64x64/night/113.png', 'code': 1000}",2,3.2,126,SE,1035,30.56,0,0,0,93,6,-0.1,31.8,-0.1,31.8,0.5,32.8,-0.6,31,0,0,0,0,10,6,4.2,6.8,0,16/01/2025 03:00
1736996400,16/01/2025 04:00,0.3,32.6,0,"{'text': 'Clear', 'icon': '//cdn.weatherapi.com/weather/64x64/night/113.png', 'code': 1000}",1.1,1.8,100,E,1035,30.56,0,0,0,93,6,0.3,32.6,0.3,32.6,0.3,32.6,-0.7,30.7,0,0,0,0,10,6,2.3,3.8,0,16/01/2025 04:00
1737000000,16/01/2025 05:00,0.2,32.4,0,"{'text': 'Clear', 'icon': '//cdn.weatherapi.com/weather/64x64/night/113.png', 'code': 1000}",2.2,3.6,109,ESE,1035,30.57,0,0,0,93,6,-0.6,30.9,-0.6,30.9,0.2,32.4,-0.8,30.6,0,0,0,0,10,6,4.7,7.6,0,16/01/2025 05:00
1737003600,16/01/2025 06:00,0.2,32.3,0,"{'text': 'Clear', 'icon': '//cdn.weatherapi.com/weather/64x64/night/113.png', 'code': 1000}",3.4,5.4,116,ESE,1035,30.57,0,0,0,93,7,-1.6,29.2,-1.6,29.2,0.2,32.3,-0.8,30.5,0,0,0,0,10,6,7,11.3,0,16/01/2025 06:00
1737007200,16/01/2025 07:00,0.1,32.2,0,"{'text': 'Clear', 'icon': '//cdn.weatherapi.com/weather/64x64/night/113.png', 'code': 1000}",3.8,6.1,122,ESE,1035,30.57,0,0,0,93,5,-2,28.5,-2,28.5,0.1,32.2,-0.9,30.3,0,0,0,0,10,6,8,12.9,0,16/01/2025 07:00
1737010800,16/01/2025 08:00,0,31.9,0,"{'text': 'Clear', 'icon': '//cdn.weatherapi.com/weather/64x64/night/113.png', 'code': 1000}",3.8,6.1,118,ESE,1035,30.58,0,0,0,92,8,-2.1,28.2,-2.1,28.2,0,31.9,-1.1,30,0,0,0,0,10,6,8,12.9,0,16/01/2025 08:00
1737014400,16/01/2025 09:00,0.2,32.3,1,"{'text': 'Sunny', 'icon': '//cdn.weatherapi.com/weather/64x64/day/113.png', 'code': 1000}",4,6.5,118,ESE,1036,30.59,0,0,0,92,8,-2,28.4,-2,28.4,0.2,32.3,-1,30.2,0,0,0,0,10,6,8.5,13.6,2,16/01/2025 09:00
1737018000,16/01/2025 10:00,1.7,35,1,"{'text': 'Sunny', 'icon': '//cdn.weatherapi.com/weather/64x64/day/113.png', 'code': 1000}",3.4,5.4,118,ESE,1036,30.59,0,0,0,89,7,0.2,32.3,0.2,32.3,1.7,35,0.1,32.2,0,0,0,0,10,6,7,11.3,2,16/01/2025 10:00
1737021600,16/01/2025 11:00,3.4,38.1,1,"{'text': 'Sunny', 'icon': '//cdn.weatherapi.com/weather/64x64/day/113.png', 'code': 1000}",2.9,4.7,114,ESE,1036,30.59,0,0,0,86,5,2.4,36.3,2.4,36.3,3.4,38.1,1.2,34.2,0,0,0,0,10,6,5.2,8.3,2,16/01/2025 11:00
1737025200,16/01/2025 12:00,4.6,40.2,1,"{'text': 'Sunny', 'icon': '//cdn.weatherapi.com/weather/64x64/day/113.png', 'code': 1000}",2.2,3.6,107,ESE,1036,30.58,0,0,0,82,4,4.2,39.6,4.2,39.6,4.6,40.2,1.8,35.3,0,0,0,0,10,6,3.5,5.7,2,16/01/2025 12:00
1737028800,16/01/2025 13:00,5.3,41.5,1,"{'text': 'Sunny', 'icon': '//cdn.weatherapi.com/weather/64x64/day/113.png', 'code': 1000}",2.2,3.6,88,E,1035,30.57,0,0,0,81,4,5,41,5,41,5.3,41.5,2.3,36.1,0,0,0,0,10,6,3.4,5.4,3,16/01/2025 13:00
1737032400,16/01/2025 14:00,5.5,42,1,"{'text': 'Sunny', 'icon': '//cdn.weatherapi.com/weather/64x64/day/113.png', 'code': 1000}",3.1,5,95,E,1035,30.56,0,0,0,82,3,4.7,40.4,4.7,40.4,5.5,42,2.8,37,0,0,0,0,10,6,4.7,7.6,3,16/01/2025 14:00
1737036000,16/01/2025 15:00,5.1,41.2,1,"{'text': 'Sunny', 'icon': '//cdn.weatherapi.com/weather/64x64/day/113.png', 'code': 1000}",3.1,5,91,E,1035,30.56,0,0,0,87,3,4.2,39.5,4.2,39.5,5.1,41.2,3.2,37.7,0,0,0,0,10,6,5.3,8.5,3,16/01/2025 15:00
1737039600,16/01/2025 16:00,3.7,38.7,1,"{'text': 'Sunny', 'icon': '//cdn.weatherapi.com/weather/64x64/day/113.png', 'code': 1000}",3.1,5,110,ESE,1035,30.56,0,0,0,90,2,2.6,36.7,2.6,36.7,3.7,38.7,2.2,36,0,0,0,0,10,6,6.5,10.5,2,16/01/2025 16:00
1737043200,16/01/2025 17:00,2,35.6,1,"{'text': 'Sunny', 'icon': '//cdn.weatherapi.com/weather/64x64/day/113.png', 'code': 1000}",2.5,4,127,SE,1035,30.57,0,0,0,90,0,1.2,34.1,1.2,34.1,2,35.6,0.5,32.9,0,0,0,0,10,6,5.2,8.3,2,16/01/2025 17:00
1737046800,16/01/2025 18:00,1.3,34.3,0,"{'text': 'Clear', 'icon': '//cdn.weatherapi.com/weather/64x64/night/113.png', 'code': 1000}",2.5,4,139,SE,1036,30.58,0,0,0,90,0,0.4,32.7,0.4,32.7,1.3,34.3,-0.2,31.6,0,0,0,0,10,6,5.2,8.3,0,16/01/2025 18:00
1737050400,16/01/2025 19:00,0.9,33.7,0,"{'text': 'Clear', 'icon': '//cdn.weatherapi.com/weather/64x64/night/113.png', 'code': 1000}",3.1,5,151,SSE,1036,30.59,0,0,0,89,0,-0.6,31,-0.6,31,0.9,33.7,-0.6,30.8,0,0,0,0,10,6,6.6,10.6,0,16/01/2025 19:00
1737054000,16/01/2025 20:00,0.6,33,0,"{'text': 'Clear', 'icon': '//cdn.weatherapi.com/weather/64x64/night/113.png', 'code': 1000}",3.4,5.4,157,SSE,1036,30.59,0,0,0,89,0,-1.1,30,-1.1,30,0.6,33,-1.1,30.1,0,0,0,0,10,6,7,11.3,0,16/01/2025 20:00
1737057600,16/01/2025 21:00,0.3,32.6,0,"{'text': 'Clear', 'icon': '//cdn.weatherapi.com/weather/64x64/night/113.png', 'code': 1000}",3.1,5,158,SSE,1036,30.6,0,0,0,87,0,-1.2,29.8,-1.2,29.8,0.3,32.6,-1.5,29.3,0,0,0,0,10,6,6.6,10.6,0,16/01/2025 21:00
1737061200,16/01/2025 22:00,0,32.1,0,"{'text': 'Clear', 'icon': '//cdn.weatherapi.com/weather/64x64/night/113.png', 'code': 1000}",3.4,5.4,155,SSE,1036,30.6,0,0,0,86,0,-1.7,28.9,-1.7,28.9,0,32.1,-2,28.5,0,0,0,0,10,6,7,11.3,0,16/01/2025 22:00
1737064800,16/01/2025 23:00,-0.2,31.7,0,"{'text': 'Clear', 'icon': '//cdn.weatherapi.com/weather/64x64/night/113.png', 'code': 1000}",3.6,5.8,160,SSE,1037,30.61,0,0,0,85,0,-2.1,28.2,-2.1,28.2,-0.2,31.7,-2.3,27.8,0,0,0,0,10,6,7.5,12.1,0,16/01/2025 23:00
1737068400,17/01/2025 00:00,-0.1,31.8,0,"{'text': 'Clear', 'icon': '//cdn.weatherapi.com/weather/64x64/night/113.png', 'code': 1000}",2.5,4,161,SSE,1037,30.62,0,0,0,87,2,-1.2,29.8,-1.2,29.8,-0.1,31.8,-2,28.4,0,0,0,0,10,6,5.2,8.3,0,17/01/2025 00:00
1737072000,17/01/2025 01:00,-0.2,31.6,0,"{'text': 'Clear', 'icon': '//cdn.weatherapi.com/weather/64x64/night/113.png', 'code': 1000}",2.7,4.3,160,SSE,1037,30.62,0,0,0,87,3,-1.5,29.3,-1.5,29.3,-0.2,31.6,-2.2,28.1,0,0,0,0,10,6,5.6,9.1,0,17/01/2025 01:00
1737075600,17/01/2025 02:00,-0.3,31.4,0,"{'text': 'Clear', 'icon': '//cdn.weatherapi.com/weather/64x64/night/113.png', 'code': 1000}",2.5,4,159,SSE,1036,30.61,0,0,0,86,2,-1.4,29.4,-1.4,29.4,-0.4,31.4,-2.4,27.8,0,0,0,0,10,6,5.2,8.3,0,17/01/2025 02:00
1737079200,17/01/2025 03:00,-0.4,31.3,0,"{'text': 'Clear', 'icon': '//cdn.weatherapi.com/weather/64x64/night/113.png', 'code': 1000}",2.2,3.6,145,SE,1036,30.6,0,0,0,86,2,-1.3,29.7,-1.3,29.7,-0.4,31.3,-2.5,27.5,0,0,0,0,10,6,4.7,7.6,0,17/01/2025 03:00
1737082800,17/01/2025 04:00,-0.5,31.2,0,"{'text': 'Clear', 'icon': '//cdn.weatherapi.com/weather/64x64/night/113.png', 'code': 1000}",2.2,3.6,151,SSE,1036,30.6,0,0,0,85,2,-1.4,29.6,-1.4,29.6,-0.5,31.2,-2.6,27.3,0,0,0,0,10,6,4.7,7.6,0,17/01/2025 04:00
1737086400,17/01/2025 05:00,-0.5,31.1,0,"{'text': 'Clear', 'icon': '//cdn.weatherapi.com/weather/64x64/night/113.png', 'code': 1000}",2,3.2,147,SSE,1036,30.59,0,0,0,85,2,-1.1,29.9,-1.1,29.9,-0.5,31.1,-2.7,27.2,0,0,0,0,10,6,4.2,6.8,0,17/01/2025 05:00
1737090000,17/01/2025 06:00,-0.6,31,0,"{'text': 'Clear', 'icon': '//cdn.weatherapi.com/weather/64x64/night/113.png', 'code': 1000}",1.8,2.9,148,SSE,1036,30.59,0,0,0,85,2,-0.6,31,-0.6,31,-0.6,31,-2.8,27,0,0,0,0,10,6,3.8,6,0,17/01/2025 06:00
1737093600,17/01/2025 07:00,-0.6,31,0,"{'text': 'Clear', 'icon': '//cdn.weatherapi.com/weather/64x64/night/113.png', 'code': 1000}",1.8,2.9,170,S,1036,30.6,0,0,0,85,2,-0.6,31,-0.6,31,-0.6,31,-2.8,26.9,0,0,0,0,10,6,3.8,6,0,17/01/2025 07:00
1737097200,17/01/2025 08:00,-0.6,31,0,"{'text': 'Clear', 'icon': '//cdn.weatherapi.com/weather/64x64/night/113.png', 'code': 1000}",1.6,2.5,162,SSE,1037,30.61,0,0,0,84,0,-0.6,31,-0.6,31,-0.6,31,-2.9,26.8,0,0,0,0,10,6,3.3,5.3,0,17/01/2025 08:00
1737100800,17/01/2025 09:00,-0.4,31.4,1,"{'text': 'Sunny', 'icon': '//cdn.weatherapi.com/weather/64x64/day/113.png', 'code': 1000}",1.6,2.5,147,SSE,1037,30.62,0,0,0,83,0,-0.4,31.4,-0.4,31.4,-0.4,31.4,-2.8,26.9,0,0,0,0,10,6,3.3,5.3,2,17/01/2025 09:00
1737104400,17/01/2025 10:00,1.4,34.5,1,"{'text': 'Sunny', 'icon': '//cdn.weatherapi.com/weather/64x64/day/113.png', 'code': 1000}",0.4,0.7,139,SE,1037,30.63,0,0,0,79,0,1.4,34.5,1.4,34.5,1.4,34.5,-1.9,28.6,0,0,0,0,10,6,0.9,1.4,2,17/01/2025 10:00
1737108000,17/01/2025 11:00,2.9,37.2,1,"{'text': 'Sunny', 'icon': '//cdn.weatherapi.com/weather/64x64/day/113.png', 'code': 1000}",0.4,0.7,22,NNE,1038,30.64,0,0,0,74,0,2.9,37.2,2.9,37.2,2.9,37.2,-1.2,29.8,0,0,0,0,10,6,0.7,1.2,2,17/01/2025 11:00
1737111600,17/01/2025 12:00,3.9,39,1,"{'text': 'Sunny', 'icon': '//cdn.weatherapi.com/weather/64x64/day/113.png', 'code': 1000}",0.9,1.4,41,NE,1037,30.63,0,0,0,72,0,3.9,39,3.9,39,3.9,39,-0.7,30.7,0,0,0,0,10,6,1.3,2.1,2,17/01/2025 12:00
1737115200,17/01/2025 13:00,4.7,40.5,1,"{'text': 'Sunny', 'icon': '//cdn.weatherapi.com/weather/64x64/day/113.png', 'code': 1000}",1.3,2.2,75,ENE,1036,30.61,0,0,0,70,0,4.7,40.5,4.7,40.5,4.7,40.5,-0.3,31.5,0,0,0,0,10,6,1.9,3.1,2,17/01/2025 13:00
1737118800,17/01/2025 14:00,5.1,41.2,1,"{'text': 'Sunny', 'icon': '//cdn.weatherapi.com/weather/64x64/day/113.png', 'code': 1000}",1.6,2.5,75,ENE,1036,30.58,0,0,0,70,0,5.1,41.2,5.1,41.2,5.1,41.2,0.2,32.3,0,0,0,0,10,6,2.2,3.6,3,17/01/2025 14:00
1737122400,17/01/2025 15:00,5,41,1,"{'text': 'Sunny', 'icon': '//cdn.weatherapi.com/weather/64x64/day/113.png', 'code': 1000}",1.8,2.9,36,NE,1035,30.58,0,0,0,76,0,5,41,5,41,5,41,1.1,34,0,0,0,0,10,6,2.7,4.4,3,17/01/2025 15:00
1737126000,17/01/2025 16:00,3.5,38.2,1,"{'text': 'Sunny', 'icon': '//cdn.weatherapi.com/weather/64x64/day/113.png', 'code': 1000}",2,3.2,48,NE,1035,30.57,0,0,0,81,0,3.2,37.8,3.2,37.8,3.5,38.2,0.6,33.1,0,0,0,0,10,6,3.9,6.3,2,17/01/2025 16:00
1737129600,17/01/2025 17:00,1.6,34.8,1,"{'text': 'Sunny', 'icon': '//cdn.weatherapi.com/weather/64x64/day/113.png', 'code': 1000}",1.6,2.5,76,ENE,1035,30.57,0,0,0,85,0,1.6,34.8,1.6,34.8,1.6,34.8,-0.8,30.7,0,0,0,0,10,6,3.3,5.3,2,17/01/2025 17:00
1737133200,17/01/2025 18:00,0.9,33.6,0,"{'text': 'Clear', 'icon': '//cdn.weatherapi.com/weather/64x64/night/113.png', 'code': 1000}",1.3,2.2,56,ENE,1035,30.58,0,0,0,85,0,0.9,33.6,0.9,33.6,0.9,33.6,-1.3,29.7,0,0,0,0,10,6,2.8,4.5,0,17/01/2025 18:00
1737136800,17/01/2025 19:00,0.5,32.9,0,"{'text': 'Clear', 'icon': '//cdn.weatherapi.com/weather/64x64/night/113.png', 'code': 1000}",2,3.2,60,ENE,1036,30.58,0,0,0,86,0,0,32,0,32,0.5,33,-1.5,29.3,0,0,0,0,10,6,4.2,6.8,0,17/01/2025 19:00
1737140400,17/01/2025 20:00,0.3,32.5,0,"{'text': 'Clear', 'icon': '//cdn.weatherapi.com/weather/64x64/night/113.png', 'code': 1000}",2.2,3.6,97,E,1036,30.58,0,0,0,87,0,-0.5,31.1,-0.5,31.1,0.3,32.5,-1.7,29,0,0,0,0,10,6,4.7,7.6,0,17/01/2025 20:00
1737144000,17/01/2025 21:00,0.1,32.3,0,"{'text': 'Clear', 'icon': '//cdn.weatherapi.com/weather/64x64/night/113.png', 'code': 1000}",2,3.2,93,E,1036,30.58,0,0,0,87,0,-0.4,31.2,-0.4,31.2,0.2,32.3,-1.8,28.8,0,0,0,0,10,6,4.2,6.8,0,17/01/2025 21:00
1737147600,17/01/2025 22:00,0,32,0,"{'text': 'Clear', 'icon': '//cdn.weatherapi.com/weather/64x64/night/113.png', 'code': 1000}",2.7,4.3,105,ESE,1035,30.58,0,0,0,87,0,-1.2,29.8,-1.2,29.8,0,32.1,-1.9,28.7,0,0,0,0,10,6,5.6,9.1,0,17/01/2025 22:00
1737151200,17/01/2025 23:00,0,31.9,0,"{'text': 'Clear', 'icon': '//cdn.weatherapi.com/weather/64x64/night/113.png', 'code': 1000}",3.1,5,117,ESE,1035,30.57,0,0,0,87,0,-1.7,29,-1.7,29,0,31.9,-1.9,28.5,0,0,0,0,10,6,6.6,10.6,0,17/01/2025 23:00
1737154800,18/01/2025 00:00,-0.1,31.8,0,"{'text': 'Clear', 'icon': '//cdn.weatherapi.com/weather/64x64/night/113.png', 'code': 1000}",4,6.5,89,E,1035,30.55,0,0,0,86,0,-2.4,27.8,-2.4,27.8,-0.1,31.8,-2.2,28.1,0,0,0,0,10,6,8.5,13.6,0,18/01/2025 00:00
1737158400,18/01/2025 01:00,0,31.9,0,"{'text': 'Clear', 'icon': '//cdn.weatherapi.com/weather/64x64/night/113.png', 'code': 1000}",3.8,6.1,96,E,1034,30.53,0,0,0,85,0,-2.1,28.2,-2.1,28.2,-0.1,31.9,-2.3,27.9,0,0,0,0,10,6,8,12.9,0,18/01/2025 01:00
1737162000,18/01/2025 02:00,0,31.9,0,"{'text': 'Clear', 'icon': '//cdn.weatherapi.com/weather/64x64/night/113.png', 'code': 1000}",3.8,6.1,92,E,1033,30.51,0,0,0,84,0,-2.1,28.2,-2.1,28.2,-0.1,31.9,-2.4,27.6,0,0,0,0,10,6,8,12.9,0,18/01/2025 02:00
1737165600,18/01/2025 03:00,-0.1,31.9,0,"{'text': 'Clear', 'icon': '//cdn.weatherapi.com/weather/64x64/night/113.png', 'code': 1000}",3.8,6.1,73,ENE,1033,30.5,0,0,0,83,1,-2.2,28.1,-2.2,28.1,-0.1,31.9,-2.6,27.4,0,0,0,0,10,6,8,12.9,0,18/01/2025 03:00
1737169200,18/01/2025 04:00,-0.2,31.7,0,"{'text': 'Clear', 'icon': '//cdn.weatherapi.com/weather/64x64/night/113.png', 'code': 1000}",3.6,5.8,87,E,1032,30.49,0,0,0,83,2,-2.1,28.2,-2.1,28.2,-0.2,31.7,-2.7,27.2,0,0,0,0,10,6,7.5,12.1,0,18/01/2025 04:00
1737172800,18/01/2025 05:00,-0.2,31.7,0,"{'text': 'Clear', 'icon': '//cdn.weatherapi.com/weather/64x64/night/113.png', 'code': 1000}",3.6,5.8,92,E,1032,30.48,0,0,0,82,6,-2.2,28.1,-2.2,28.1,-0.2,31.7,-2.9,26.9,0,0,0,0,10,6,7.5,12.1,0,18/01/2025 05:00
1737176400,18/01/2025 06:00,-0.1,31.7,0,"{'text': 'Clear', 'icon': '//cdn.weatherapi.com/weather/64x64/night/113.png', 'code': 1000}",3.6,5.8,88,E,1032,30.46,0,0,0,81,2,-2.1,28.2,-2.1,28.2,-0.1,31.7,-3,26.7,0,0,0,0,10,6,7.5,12.1,0,18/01/2025 06:00
1737180000,18/01/2025 07:00,-0.2,31.7,0,"{'text': 'Clear', 'icon': '//cdn.weatherapi.com/weather/64x64/night/113.png', 'code': 1000}",3.6,5.8,79,E,1031,30.46,0,0,0,81,2,-2.1,28.2,-2.1,28.2,-0.2,31.7,-3.1,26.5,0,0,0,0,10,6,7.5,12.1,0,18/01/2025 07:00
1737183600,18/01/2025 08:00,-0.1,31.8,0,"{'text': 'Clear', 'icon': '//cdn.weatherapi.com/weather/64x64/night/113.png', 'code': 1000}",4,6.5,78,ENE,1031,30.45,0,0,0,80,2,-2.3,27.8,-2.3,27.8,-0.1,31.8,-3.1,26.5,0,0,0,0,10,6,8.5,13.6,0,18/01/2025 08:00
1737187200,18/01/2025 09:00,0.2,32.4,1,"{'text': 'Sunny', 'icon': '//cdn.weatherapi.com/weather/64x64/day/113.png', 'code': 1000}",4.5,7.2,71,ENE,1031,30.45,0,0,0,79,2,-2.2,28,-2.2,28,0.2,32.4,-2.9,26.8,0,0,0,0,10,6,9.4,15.1,2,18/01/2025 09:00
1737190800,18/01/2025 10:00,1.7,35.1,1,"{'text': 'Sunny', 'icon': '//cdn.weatherapi.com/weather/64x64/day/113.png', 'code': 1000}",4.7,7.6,69,ENE,1031,30.45,0,0,0,77,1,-0.6,30.9,-0.6,30.9,1.7,35.1,-1.9,28.6,0,0,0,0,10,6,9.9,15.9,2,18/01/2025 10:00
1737194400,18/01/2025 11:00,3.5,38.3,1,"{'text': 'Sunny', 'icon': '//cdn.weatherapi.com/weather/64x64/day/113.png', 'code': 1000}",4.9,7.9,78,ENE,1031,30.44,0,0,0,72,0,1.4,34.6,1.4,34.6,3.5,38.3,-0.9,30.3,0,0,0,0,10,6,8.9,14.4,2,18/01/2025 11:00
1737198000,18/01/2025 12:00,5,41,1,"{'text': 'Sunny', 'icon': '//cdn.weatherapi.com/weather/64x64/day/113.png', 'code': 1000}",5.4,8.6,80,E,1030,30.43,0,0,0,68,0,3,37.4,3,37.4,5,41,-0.4,31.3,0,0,0,0,10,6,8.8,14.1,3,18/01/2025 12:00
1737201600,18/01/2025 13:00,5.9,42.7,1,"{'text': 'Sunny', 'icon': '//cdn.weatherapi.com/weather/64x64/day/113.png', 'code': 1000}",5.8,9.4,75,ENE,1030,30.41,0,0,0,66,0,3.9,39.1,3.9,39.1,6,42.7,0.2,32.4,0,0,0,0,10,6,8.9,14.4,3,18/01/2025 13:00
1737205200,18/01/2025 14:00,6.2,43.2,1,"{'text': 'Sunny', 'icon': '//cdn.weatherapi.com/weather/64x64/day/113.png', 'code': 1000}",5.4,8.6,68,ENE,1029,30.37,0,0,0,69,0,4.4,40,4.4,40,6.2,43.2,1,33.8,0,0,0,0,10,6,8.5,13.6,3,18/01/2025 14:00
1737208800,18/01/2025 15:00,5.7,42.2,1,"{'text': 'Sunny', 'icon': '//cdn.weatherapi.com/weather/64x64/day/113.png', 'code': 1000}",6.3,10.1,62,ENE,1028,30.36,0,0,0,74,0,3.4,38.2,3.4,38.2,5.7,42.2,1.4,34.4,0,0,0,0,10,6,11,17.7,3,18/01/2025 15:00
1737212400,18/01/2025 16:00,4.2,39.6,1,"{'text': 'Sunny', 'icon': '//cdn.weatherapi.com/weather/64x64/day/113.png', 'code': 1000}",6,9.7,73,ENE,1028,30.34,0,0,0,78,0,1.8,35.2,1.8,35.2,4.2,39.6,0.7,33.2,0,0,0,0,10,6,12.7,20.4,2,18/01/2025 16:00
1737216000,18/01/2025 17:00,2.4,36.3,1,"{'text': 'Sunny', 'icon': '//cdn.weatherapi.com/weather/64x64/day/113.png', 'code': 1000}",6.3,10.1,84,E,1027,30.34,0,0,0,80,0,-0.5,31.1,-0.5,31.1,2.4,36.3,-0.8,30.6,0,0,0,0,10,6,13.2,21.2,2,18/01/2025 17:00
1737219600,18/01/2025 18:00,1.7,35.1,0,"{'text': 'Clear', 'icon': '//cdn.weatherapi.com/weather/64x64/night/113.png', 'code': 1000}",5.4,8.6,101,ESE,1027,30.33,0,0,0,78,0,-0.9,30.4,-0.9,30.4,1.7,35.1,-1.6,29.1,0,0,0,0,10,6,11.3,18.1,0,18/01/2025 18:00
1737223200,18/01/2025 19:00,1.4,34.5,0,"{'text': 'Clear', 'icon': '//cdn.weatherapi.com/weather/64x64/night/113.png', 'code': 1000}",4.9,7.9,110,ESE,1027,30.32,0,0,0,78,0,-1.1,30,-1.1,30,1.4,34.5,-2,28.4,0,0,0,0,10,6,10.3,16.6,0,18/01/2025 19:00
1737226800,18/01/2025 20:00,0.9,33.7,0,"{'text': 'Clear', 'icon': '//cdn.weatherapi.com/weather/64x64/night/113.png', 'code': 1000}",4.7,7.6,115,ESE,1027,30.32,0,0,0,79,0,-1.5,29.3,-1.5,29.3,0.9,33.7,-2.4,27.8,0,0,0,0,10,6,9.9,15.9,0,18/01/2025 20:00
1737230400,18/01/2025 21:00,0.5,33,0,"{'text': 'Clear', 'icon': '//cdn.weatherapi.com/weather/64x64/night/113.png', 'code': 1000}",4.7,7.6,127,SE,1026,30.31,0,0,0,78,1,-2,28.5,-2,28.5,0.6,33,-2.8,27,0,0,0,0,10,6,9.9,15.9,0,18/01/2025 21:00
1737234000,18/01/2025 22:00,0.3,32.5,0,"{'text': 'Clear', 'icon': '//cdn.weatherapi.com/weather/64x64/night/113.png', 'code': 1000}",4,6.5,133,SE,1026,30.3,0,0,0,77,5,-1.9,28.6,-1.9,28.6,0.3,32.5,-3.2,26.2,0,0,0,0,10,6,8.5,13.6,0,18/01/2025 22:00
1737237600,18/01/2025 23:00,0.1,32.1,0,"{'text': 'Clear', 'icon': '//cdn.weatherapi.com/weather/64x64/night/113.png', 'code': 1000}",3.6,5.8,131,SE,1026,30.29,0,0,0,76,4,-1.9,28.7,-1.9,28.7,0.1,32.1,-3.6,25.5,0,0,0,0,10,6,7.5,12.1,0,18/01/2025 23:00
1737241200,19/01/2025 00:00,0.9,33.7,0,"{'text': 'Clear', 'icon': '//cdn.weatherapi.com/weather/64x64/night/113.png', 'code': 1000}",4,6.5,136,SE,1026,30.3,0,0,0,69,0,-1.2,29.9,-1.2,29.9,0.9,33.7,-4.1,24.7,0,0,0,0,10,6,8.5,13.6,0,19/01/2025 00:00
1737244800,19/01/2025 01:00,0.7,33.2,0,"{'text': 'Clear', 'icon': '//cdn.weatherapi.com/weather/64x64/night/113.png', 'code': 1000}",3.8,6.1,151,SSE,1025,30.28,0,0,0,69,0,-1.3,29.7,-1.3,29.7,0.7,33.2,-4.3,24.3,0,0,0,0,10,6,8,12.9,0,19/01/2025 01:00
1737248400,19/01/2025 02:00,0.5,32.9,0,"{'text': 'Clear', 'icon': '//cdn.weatherapi.com/weather/64x64/night/113.png', 'code': 1000}",4,6.5,172,S,1025,30.27,0,0,0,70,0,-1.6,29.1,-1.6,29.1,0.5,32.9,-4.4,24.2,0,0,0,0,10,6,8.5,13.6,0,19/01/2025 02:00
1737252000,19/01/2025 03:00,0.3,32.5,0,"{'text': 'Clear', 'icon': '//cdn.weatherapi.com/weather/64x64/night/113.png', 'code': 1000}",4.3,6.8,195,SSW,1024,30.25,0,0,0,71,0,-2,28.3,-2,28.3,0.3,32.5,-4.3,24.3,0,0,0,0,10,6,8.9,14.4,0,19/01/2025 03:00
1737255600,19/01/2025 04:00,0,32.1,0,"{'text': 'Clear', 'icon': '//cdn.weatherapi.com/weather/64x64/night/113.png', 'code': 1000}",4,6.5,210,SSW,1024,30.24,0,0,0,73,0,-2.2,28.1,-2.2,28.1,0,32.1,-4.1,24.6,0,0,0,0,10,6,8.5,13.6,0,19/01/2025 04:00
1737259200,19/01/2025 05:00,-0.1,31.8,0,"{'text': 'Clear', 'icon': '//cdn.weatherapi.com/weather/64x64/night/113.png', 'code': 1000}",3.4,5.4,209,SSW,1024,30.24,0,0,0,75,0,-1.9,28.6,-1.9,28.6,-0.1,31.8,-4,24.9,0,0,0,0,10,6,7,11.3,0,19/01/2025 05:00
1737262800,19/01/2025 06:00,-0.2,31.6,0,"{'text': 'Clear', 'icon': '//cdn.weatherapi.com/weather/64x64/night/113.png', 'code': 1000}",2.9,4.7,205,SSW,1024,30.23,0,0,0,76,7,-1.7,29,-1.7,29,-0.2,31.6,-3.9,25.1,0,0,0,0,10,6,6.1,9.8,0,19/01/2025 06:00
1737266400,19/01/2025 07:00,-0.3,31.5,0,"{'text': 'Clear', 'icon': '//cdn.weatherapi.com/weather/64x64/night/113.png', 'code': 1000}",3.4,5.4,201,SSW,1024,30.22,0,0,0,77,2,-2.1,28.3,-2.1,28.3,-0.3,31.5,-3.8,25.2,0,0,0,0,10,6,7,11.3,0,19/01/2025 07:00
1737270000,19/01/2025 08:00,-0.4,31.3,0,"{'text': 'Clear', 'icon': '//cdn.weatherapi.com/weather/64x64/night/113.png', 'code': 1000}",3.6,5.8,202,SSW,1023,30.22,0,0,0,78,0,-2.4,27.8,-2.4,27.8,-0.4,31.3,-3.8,25.2,0,0,0,0,10,6,7.5,12.1,0,19/01/2025 08:00
1737273600,19/01/2025 09:00,-0.2,31.6,1,"{'text': 'Sunny', 'icon': '//cdn.weatherapi.com/weather/64x64/day/113.png', 'code': 1000}",4,6.5,207,SSW,1023,30.22,0,0,0,78,0,-2.5,27.6,-2.5,27.6,-0.2,31.6,-3.6,25.5,0,0,0,0,10,6,8.5,13.6,2,19/01/2025 09:00
1737277200,19/01/2025 10:00,1.1,34.1,1,"{'text': 'Sunny', 'icon': '//cdn.weatherapi.com/weather/64x64/day/113.png', 'code': 1000}",3.8,6.1,208,SSW,1023,30.22,0,0,0,74,0,-0.8,30.6,-0.8,30.6,1.1,34.1,-3,26.6,0,0,0,0,10,6,6.9,11.1,2,19/01/2025 10:00
1737280800,19/01/2025 11:00,2.8,37.1,1,"{'text': 'Sunny', 'icon': '//cdn.weatherapi.com/weather/64x64/day/113.png', 'code': 1000}",4.3,6.8,218,SW,1023,30.22,0,0,0,67,2,0.9,33.7,0.9,33.7,2.8,37.1,-2.8,27.1,0,0,0,0,10,6,6.3,10.2,2,19/01/2025 11:00
1737284400,19/01/2025 12:00,4.1,39.3,1,"{'text': 'Sunny', 'icon': '//cdn.weatherapi.com/weather/64x64/day/113.png', 'code': 1000}",4.9,7.9,229,SW,1023,30.21,0,0,0,62,2,2.1,35.7,2.1,35.7,4.1,39.3,-2.4,27.6,0,0,0,0,10,6,6.7,10.8,2,19/01/2025 12:00
1737288000,19/01/2025 13:00,4.9,40.8,1,"{'text': 'Sunny', 'icon': '//cdn.weatherapi.com/weather/64x64/day/113.png', 'code': 1000}",4.7,7.6,238,WSW,1023,30.2,0,0,0,60,0,3.1,37.6,3.1,37.6,4.9,40.8,-2.1,28.1,0,0,0,0,10,6,6.3,10.2,2,19/01/2025 13:00
1737291600,19/01/2025 14:00,5.3,41.5,1,"{'text': 'Sunny', 'icon': '//cdn.weatherapi.com/weather/64x64/day/113.png', 'code': 1000}",4.9,7.9,237,WSW,1022,30.18,0,0,0,60,0,3.5,38.3,3.5,38.3,5.3,41.5,-1.9,28.7,0,0,0,0,10,6,6.7,10.8,3,19/01/2025 14:00
1737295200,19/01/2025 15:00,5.2,41.3,1,"{'text': 'Sunny', 'icon': '//cdn.weatherapi.com/weather/64x64/day/113.png', 'code': 1000}",4.3,6.8,243,WSW,1022,30.17,0,0,0,63,2,3.7,38.6,3.7,38.6,5.2,41.3,-1.2,29.8,0,0,0,0,10,6,6.1,9.8,3,19/01/2025 15:00
1737298800,19/01/2025 16:00,3.8,38.8,1,"{'text': 'Sunny', 'icon': '//cdn.weatherapi.com/weather/64x64/day/113.png', 'code': 1000}",3.1,5,235,SW,1022,30.17,0,0,0,70,4,2.7,36.8,2.7,36.8,3.8,38.8,-1.1,30,0,0,0,0,10,6,5.6,9,2,19/01/2025 16:00
1737302400,19/01/2025 17:00,1.8,35.3,1,"{'text': 'Sunny', 'icon': '//cdn.weatherapi.com/weather/64x64/day/113.png', 'code': 1000}",3.1,5,221,SW,1021,30.16,0,0,0,77,5,0.5,32.8,0.5,32.8,1.8,35.3,-1.7,29,0,0,0,0,10,6,6.6,10.6,2,19/01/2025 17:00
1737306000,19/01/2025 18:00,1.2,34.1,0,"{'text': 'Clear', 'icon': '//cdn.weatherapi.com/weather/64x64/night/113.png', 'code': 1000}",3.6,5.8,207,SSW,1022,30.17,0,0,0,80,4,-0.6,31,-0.6,31,1.2,34.1,-1.9,28.6,0,0,0,0,10,6,7.5,12.1,0,19/01/2025 18:00
1737309600,19/01/2025 19:00,0.8,33.5,0,"{'text': 'Clear', 'icon': '//cdn.weatherapi.com/weather/64x64/night/113.png', 'code': 1000}",3.8,6.1,206,SSW,1022,30.17,0,0,0,82,2,-1.1,30,-1.1,30,0.8,33.5,-1.9,28.5,0,0,0,0,10,6,8,12.9,0,19/01/2025 19:00
1737313200,19/01/2025 20:00,0.5,33,0,"{'text': 'Clear', 'icon': '//cdn.weatherapi.com/weather/64x64/night/113.png', 'code': 1000}",4.3,6.8,209,SSW,1022,30.17,0,0,0,83,2,-1.7,28.9,-1.7,28.9,0.5,33,-2,28.4,0,0,0,0,10,6,8.9,14.4,0,19/01/2025 20:00
1737316800,19/01/2025 21:00,0.3,32.5,0,"{'text': 'Clear', 'icon': '//cdn.weatherapi.com/weather/64x64/night/113.png', 'code': 1000}",4.7,7.6,216,SW,1022,30.19,0,0,0,84,3,-2.3,27.9,-2.3,27.9,0.3,32.5,-2.1,28.3,0,0,0,0,10,6,9.9,15.9,0,19/01/2025 21:00
1737320400,19/01/2025 22:00,0,31.9,0,"{'text': 'Clear', 'icon': '//cdn.weatherapi.com/weather/64x64/night/113.png', 'code': 1000}",5.1,8.3,221,SW,1022,30.19,0,0,0,86,4,-2.9,26.8,-2.9,26.8,0,31.9,-2.1,28.2,0,0,0,0,10,6,10.8,17.4,0,19/01/2025 22:00
1737324000,19/01/2025 23:00,-0.3,31.5,0,"{'text': 'Clear', 'icon': '//cdn.weatherapi.com/weather/64x64/night/113.png', 'code': 1000}",5.4,8.6,218,SW,1022,30.19,0,0,0,86,5,-3.3,26.1,-3.3,26.1,-0.3,31.5,-2.3,28,0,0,0,0,10,6,11.3,18.1,0,19/01/2025 23:00
